Screen_On_Time_min,CPU_Usage_%,Battery_Temperature_C,Battery_Drop_Per_Hour,Network_Type,Brightness_Level_%,Charging_State
70.77924426018649,55.550654917564856,34.30100540494625,6.0202283,5G,57,Charging
90.04428206396435,10.506832422644415,35.607895002696914,13.372379007889046,WiFi,10,Not Charging
75.19722368,38.529769421586494,43.31277540557011,3.5145500952971975,5G,37,Charging
114.76249453101866,26.89845359601823,33.79519708572041,6.728474786979605,WiFi,33,Charging
52.21467469663912,36.86234886456955,41.089635709872574,19.134837022052047,5G,25,Charging
78.70889612087288,45.64676435875532,37.39998497167519,9.292170616945574,5G,58,Charging
85.14215937,38.31212761832137,42.092012730182915,15.551492893105173,4G,60,Charging
70.5386487,19.846663968322176,33.30782108,11.859158649238307,5G,98,Not Charging
8.217933426063468,27.48130792649782,38.48068120984784,8.600318728526915,4G,25,Charging
75.97737729877018,56.39889470486699,34.703659886998295,3.6789536364973365,4G,59,Charging
102.50442467281167,39.933993408861475,20.05303489418393,13.166510532821887,4G,62,Charging
99.45272965315044,47.60478691377273,29.550782074897622,19.273027695344318,5G,68,Charging
88.86946205,38.754429652745635,37.911884729763756,8.742362601171227,4G,90,Not Charging
52.55344104126941,47.13674102,37.58132458139999,12.34299177,WiFi,50,Not Charging
89.88273656,29.057808650940174,28.525113056825383,4.401055983240039,WiFi,88,Not Charging
65.66405446144405,23.487325298488464,36.10183774419002,8.639124043749765,5G,26,Charging
88.83707264871667,46.45546574,37.516301132627525,13.704408297307804,4G,64,Not Charging
83.03762528504289,51.91061015668334,34.82667215131197,15.718579101999062,WiFi,15,Not Charging
55.590618217915704,21.285780338050373,38.64409318829818,14.779743749790935,5G,51,Not Charging
57.68860401607741,26.36082782864408,37.96277653964384,1.8422434462638169,5G,35,Not Charging
88.87556136053792,32.55160358,34.82428210297646,9.715325804326284,5G,81,Charging
74.47217261778745,59.29736907473973,32.44587590567941,7.163594448526883,5G,22,Charging
58.992964233571776,43.447031827523894,40.212707960462545,10.454858620914782,5G,26,Charging
56.92924525682918,15.138697552011699,37.31581048939411,11.444042822563274,4G,60,Charging
72.4042288,33.60525812615748,28.09283673734851,17.331759455976187,4G,21,Not Charging
119.20261986795525,31.311818663743487,36.10448828040694,13.47618518346763,4G,42,Charging
66.84804919470103,17.40095665994105,29.24487645271133,19.089159864435423,4G,29,Charging
79.64951154356028,33.42812124657908,30.177160337854126,8.502448428,5G,36,Charging
82.54110719223775,30.649438405904416,31.740449823071813,4.9146172103908885,5G,19,Not Charging
51.72434021270143,29.575512145742614,35.22436617829851,19.276213204102323,WiFi,17,Not Charging
35.92918790393262,28.889279489272834,36.87242788795643,14.167276189503157,WiFi,62,Not Charging
54.333981631606726,57.07090322523205,32.955290553793645,8.283641163205518,4G,94,Charging
86.17693444515758,29.54445325849227,33.17408691853133,14.189114392551435,5G,54,Charging
82.18327644788523,35.74506584450397,32.483781723491596,16.176297835997158,WiFi,15,Charging
97.56016422877663,34.11852931584906,40.23756818543814,12.59595406503796,WiFi,17,Charging
82.41874737397791,27.42474724448996,20.735282482001733,8.35481786,WiFi,54,Not Charging
77.26126771326992,36.19257098551547,33.456612951626084,9.793685975721623,WiFi,42,Charging
64.89969312687182,35.98025894146645,42.72492397691183,13.453107489249007,4G,5,Not Charging
102.11516974656732,36.19634790348824,37.58615025138693,12.994439776778437,5G,43,Not Charging
57.02049653198208,22.111502868553682,41.334236202835626,18.061300288927068,4G,31,Charging
52.24001206759948,31.908132391210383,24.828755702445385,10.620448937989847,WiFi,40,Not Charging
94.17638793470257,46.404828130247864,28.788753842654387,7.181197008122415,WiFi,36,Charging
46.671067233658626,32.302750529299395,37.57024070343234,24.88527164785016,5G,45,Charging
140.3697749664658,37.42672868901887,42.75315296628834,12.87244099743868,5G,19,Charging
81.99983451397858,37.50555501089533,29.29381891577636,16.171313789447684,4G,35,Charging
88.69765290812214,41.26092696100876,33.06119108646739,14.609241860129401,5G,10,Not Charging
59.789504386915326,43.379763725207155,37.00732070933498,12.932872192804446,4G,93,Not Charging
72.11837889396135,32.38774085376169,27.737508014561513,10.861281346284162,4G,56,Charging
69.33107207794114,21.329970453618554,37.608456297904915,1,WiFi,86,Not Charging
66.45412530828396,16.719270069876863,21.62157675481882,6.683893796010896,4G,26,Not Charging
95.82404378774567,50.26529619104539,37.461197322324274,13.645596067086473,WiFi,35,Not Charging
68.76059904436796,46.553756719565996,30.024575160560786,1,4G,77,Charging
105.43753072710453,44.740470265062896,32.762014047417935,12.35809196,4G,50,Charging
146.57955875299558,47.16805292,38.25941973968484,15.306152554321617,5G,71,Charging
72.61146899633627,32.57666024561167,37.236260777461254,16.166393085517164,5G,95,Not Charging
83.80788784,25.626853733516747,34.960093978241474,14.99077623732353,WiFi,47,Charging
89.48705143,20.29388885302943,39.84520275817675,16.791959758085568,5G,5,Charging
125.28762031483791,18.65975005121751,26.49911993690588,20.028056916209387,4G,48,Charging
77.93380537404528,53.182380328254965,36.02207185750707,17.48058967704592,WiFi,61,Charging
59.27457700854093,27.60282716368777,31.049149345707587,12.984156994509652,WiFi,13,Charging
48.341487359357394,50.822886038163304,39.59015734339993,11.326900726136238,WiFi,9,Charging
78.55040131419415,32.196712544290236,38.43533535,12.573189372763455,4G,83,Not Charging
68.79049452365294,24.856381876363642,38.61674109432003,10.622509241626405,5G,13,Charging
130.25023223250003,18.584528036747848,43.22690916353567,17.587903661228125,WiFi,49,Not Charging
124.24656051692415,26.177684645183746,40.631737662174885,14.860501041504937,4G,96,Charging
54.140679301910055,56.27358174359435,34.212893331132946,10.094617727766368,5G,81,Not Charging
62.230997411270536,18.736848803302813,34.99366073256252,18.620438918060476,5G,28,Not Charging
81.84425269717215,66.75120232219476,38.00469190355863,10.540605729826945,WiFi,78,Not Charging
114.93066056396907,22.390888587955345,35.680873373739146,7.271141769633612,4G,46,Charging
81.42532840927628,46.249249559768685,38.525866609548586,11.946287266746024,5G,26,Charging
63.81898405029884,32.82123058617517,23.848397876134857,7.879332581641389,4G,64,Not Charging
78.52795475243188,30.191606262107218,44.40401759396658,16.68102868768627,5G,90,Not Charging
64.28787840259884,15.92868834312296,35.30514292,7.772839080975124,WiFi,41,Charging
95.06193023598705,33.52410525873143,26.887673345537202,11.423151858945863,WiFi,43,Charging
62.27415720838238,17.625710054509934,30.431033242082393,16.698537459727955,5G,88,Charging
67.23909868932583,9.776343503488395,24.353364744153886,8.438990207073283,4G,78,Not Charging
109.0483453364024,36.79398017326174,29.548824599071246,14.055717666598216,5G,78,Not Charging
60.79087632,25.46865339746367,34.28875785680107,7.1329232074777345,4G,94,Not Charging
43.84679918599595,60.26522774187471,42.573573062472015,13.221915635985903,5G,93,Not Charging
82.37484378390761,50.00032572639233,37.053372927099005,14.83623424428761,WiFi,57,Not Charging
70.98816489,60.46148272005155,36.16430305982288,11.789247341592661,4G,32,Charging
92.78538752324884,24.78675643238152,29.32447739392144,12.167631437391595,WiFi,81,Not Charging
87.93679836827725,37.04206610196931,30.877573471732443,14.219929107802649,4G,19,Not Charging
79.20203763391595,1,31.265361533139025,10.597457076877653,5G,64,Charging
78.47391436,30.77296428969914,31.469356939069474,16.447768155398137,WiFi,64,Charging
61.60353876692913,36.477475220370216,33.242315618756976,18.855705236710453,WiFi,10,Charging
82.08367677483108,37.31072116552658,33.619944691417594,7.371076703681893,4G,56,Not Charging
102.03211953581922,34.364473841874904,33.30460813186576,20.835297872288507,4G,16,Charging
55.66383147,35.99888857627502,31.643378848657587,10.48256120250782,4G,23,Not Charging
79.86506559096163,1,35.67526582906113,21.97172474859925,WiFi,79,Charging
105.95971889336529,38.84332754122967,33.42792608316613,10.550414570680687,5G,6,Not Charging
92.63560233041748,42.25159837895058,27.022163768888863,15.536892875709851,4G,59,Not Charging
112.73682240876782,55.07038103943276,35.17190911128968,15.510053057647038,5G,19,Charging
65.79644175414164,40.53107088915396,34.416180011092116,10.063442308883237,4G,68,Not Charging
34.23078879012835,33.038943999301424,27.10186273722412,12.363136940897014,5G,73,Charging
85.01629509889217,51.57412883346458,32.04349276651731,19.199502781784055,4G,19,Not Charging
89.06427037566213,1,37.985362805056795,10.389087751189969,5G,47,Not Charging
114.21054886181687,27.275772040592845,29.317750306696478,9.912269668727062,WiFi,78,Not Charging
109.7036433676746,23.51285029911933,28.789104651357533,6.232663994069425,4G,21,Charging
93.41859057531154,34.48217300253033,33.37558189,19.837761100524656,4G,28,Not Charging
99.13475535426085,2.0196078165625266,38.11466134905982,9.596117192476981,WiFi,78,Charging
75.20446354483403,54.79453493365578,44.05163795361348,17.999901089739723,4G,34,Not Charging
49.52213471701958,31.25285150473631,38.29467677426842,8.993225914645123,4G,71,Not Charging
82.94303043452275,39.781950367384006,40.42413870078054,17.84292307597707,WiFi,55,Charging
104.56433659069444,38.346368375898415,36.73348814250832,16.03321558361375,WiFi,64,Charging
96.40902174571372,53.937348423154255,31.574420101786348,10.857840394668209,5G,7,Not Charging
100.84518347898411,7.070747977,38.25855538298456,8.328620143552902,WiFi,9,Not Charging
69.30610782,36.68481748204719,34.571959755359394,8.734847122709727,WiFi,32,Not Charging
73.36132905,52.19267391057291,36.885169189140065,8.671000649491148,4G,82,Not Charging
92.08563720286509,33.53020329918963,30.269850868245193,17.3259159,WiFi,15,Not Charging
66.33731513728114,20.730959102925475,37.33222900419903,12.80115182306703,4G,76,Not Charging
67.10707325167495,25.941648265163213,34.397459016170515,6.424387837456482,WiFi,76,Charging
87.44955590943628,29.105869972903932,36.15628873592042,10.739332944994601,WiFi,80,Not Charging
99.02261858,24.184249557155162,34.57463412587434,11.344899490298586,5G,19,Charging
75.01178316676479,32.70783324398961,33.61398442329158,1.305055531931309,WiFi,87,Not Charging
50.92026347365903,57.623711047775025,37.42345389809204,11.017435427869154,WiFi,52,Not Charging
61.60490212392925,26.03952851693776,32.96954435554218,15.615964880143668,4G,50,Charging
85.09180212232745,27.684890385815013,27.056559348112053,11.311860588712795,4G,32,Not Charging
84.78802409664912,41.89670876,25.630149621587773,13.27203439373326,5G,11,Not Charging
86.03095344,32.37769454054186,35.92208284713489,14.422565653863861,WiFi,75,Charging
93.03238226489391,15.062222999826762,32.76391092635572,10.286988796144637,4G,98,Not Charging
80.14526396356125,34.08217343331468,26.35450411283975,15.65377330580196,WiFi,86,Charging
86.62640112,33.51662851404612,35.53267484,19.28742149,5G,92,Not Charging
78.87432942927833,49.63517518,34.53062723,4.380706812762976,4G,10,Not Charging
108.71833707323597,20.41771402696008,32.50193203388634,10.275751237967299,4G,62,Charging
115.80855078043754,49.73479224133165,36.23404659090426,23.648087417268563,5G,72,Charging
50.27471794049914,33.53253781850085,41.57547005053902,12.852826916039998,WiFi,59,Not Charging
73.61870144744367,18.380874936275063,41.422953593425696,11.825740247544974,4G,71,Charging
80.81811229,15.368325318846068,35.718823215542926,10.709787848889677,4G,53,Charging
73.32713219964198,64.01582791862795,34.576447835685734,18.372175721364094,5G,55,Charging
124.82306478327183,32.60125966,35.788676038058405,7.305034018854161,5G,63,Not Charging
85.59888195224336,49.04756175095732,36.54503466387174,16.630872633425685,5G,10,Charging
59.865704323741404,9.378209080878054,33.65850911470972,10.616244846108733,WiFi,94,Charging
94.91105848901678,74.56542331945852,35.87271529976551,8.250785386459075,WiFi,55,Charging
86.77436347115481,48.398669425506924,27.13185214479101,10.844486746654233,WiFi,42,Charging
87.60482298883554,31.168396787671863,35.40674441673382,11.768097570489637,5G,15,Charging
125.19690396997976,30.40751213216735,37.384067975123024,9.511281872885826,4G,56,Not Charging
88.76962939387023,46.018971924544935,32.55079028996797,17.563862589075278,WiFi,97,Not Charging
72.4084619,45.157725300875704,34.522636778569506,8.289579525386117,5G,24,Not Charging
31.118089342247472,37.73793920596158,29.442473096494382,12.700374239799137,WiFi,14,Not Charging
75.86502455,35.16318137303346,28.748432085203433,14.68716295694015,4G,30,Not Charging
112.64924793317972,43.41600626038875,36.054075389795955,12.648615243416867,4G,52,Charging
77.72077201109532,8.874446703797343,31.35218492131192,15.861149667416457,5G,95,Charging
23.99875253701242,29.430879310786203,26.115871692119875,9.832179836182254,4G,18,Not Charging
67.54094019518884,10.297042125607309,29.44110850432779,15.113135199061606,5G,63,Charging
104.8172134728198,44.06888517053757,30.168104531039656,15.261141000583473,5G,16,Charging
93.64542936405039,24.862790434500212,38.87290248865871,16.840600386203093,5G,27,Charging
59.00297758723161,11.426328819812333,35.89557005684234,2.571710258695049,5G,89,Not Charging
65.86788059002295,23.093202139715455,30.64198901,14.545230693370335,4G,76,Charging
69.73228352243959,37.240343021986774,32.06117048,16.50634884780807,4G,43,Charging
63.432155703426744,31.921574261662848,41.56042208053613,9.942706846047564,4G,13,Not Charging
29.258153306510444,17.40265161,39.68051217598475,9.260892878783892,4G,92,Not Charging
99.08977752,9.426970974,29.40969786009086,8.493111973887721,5G,99,Charging
111.42649891722732,36.108991805457535,40.817629298131635,6.839971718338132,5G,29,Charging
42.038776400881495,26.288478398743088,34.59685595775095,15.328800270039011,4G,21,Not Charging
111.09632331465787,31.128789352039238,38.99805813028122,23.409514582570857,WiFi,46,Not Charging
77.42441997,32.604722187675506,34.183460224992466,9.219899889,WiFi,33,Charging
110.62830870419685,41.45098530762978,40.929145993710875,9.667257768975045,WiFi,64,Charging
80.94876090726115,47.70419753,29.201896942301005,12.076982684389476,4G,71,Not Charging
83.38861480396575,37.19763801437664,33.72274784309242,3.9901249381516024,5G,89,Charging
89.31086617455531,30.193061753605342,41.08229888949558,8.522258327540634,5G,61,Not Charging
60.248341871618045,35.37145307143704,23.036959259013685,11.715171598683668,WiFi,76,Not Charging
109.86685360820054,29.91144549110568,34.76969297937767,7.530358384995418,WiFi,18,Not Charging
51.96548404813038,10.361699695503184,33.03226840063406,17.98720688274834,5G,43,Charging
69.94833138708323,51.37919256934363,38.42330615271872,5.530913174660536,WiFi,20,Charging
93.10661694107922,48.55158293731706,40.34956717705486,16.505026621010575,WiFi,22,Not Charging
67.27011899,64.82500990370895,38.65141909653482,19.34251136,5G,99,Not Charging
99.43828102037361,69.20748959716411,36.20500126698623,13.908623724234133,WiFi,79,Not Charging
114.3966543295989,17.359698016208593,35.202822740476805,11.312747215220114,WiFi,24,Not Charging
105.31365002634593,29.969001194317574,33.28644689260051,13.231409064862492,4G,50,Charging
31.597117158034465,72.67309395305213,36.04986310762315,9.79718233,WiFi,49,Not Charging
83.14617424048393,34.39174076626648,42.29827414792754,1.8196590076210342,4G,8,Not Charging
105.7170652674098,38.66316353820128,30.847438508612292,7.103738334978164,5G,88,Not Charging
47.08127882944858,12.18305072458131,32.98959262437963,11.94410442261059,4G,99,Charging
98.09026468072187,37.25432947365161,34.62245013716596,7.296565575147425,5G,24,Not Charging
96.68651954,63.97910562138634,40.00466339597834,9.934385571153435,4G,15,Not Charging
49.697752701543365,54.29938715155292,36.11651169776103,14.39589579705747,4G,69,Not Charging
100.85581664350403,25.85023067722185,39.917409477725954,12.725120862362468,4G,22,Not Charging
86.81744483824838,29.055254501473755,40.17054995,17.292373860594818,WiFi,43,Not Charging
96.25954471803172,18.03649561258605,37.96018413,13.470837690008011,WiFi,48,Charging
55.842190355871686,22.23255289625441,29.680031917172233,13.764853748614339,WiFi,22,Charging
83.75340290928462,6.346821068202953,43.30546955948357,8.438553570968601,WiFi,51,Charging
37.378036146691905,33.72770488010386,42.06190335546351,5.344469506,WiFi,35,Not Charging
23.075219811673726,57.651660198956165,35.317700252511685,9.935389274947346,4G,43,Not Charging
83.52071066319375,40.33147886140624,28.091148787582227,8.364075586735655,WiFi,42,Charging
107.51494016903276,55.493584849485984,27.197509210628215,11.166161845627572,5G,83,Not Charging
86.32342036,51.09874101388998,36.27157813276855,6.669808185573032,4G,51,Charging
78.41384840139635,26.797878656410578,31.49124778934607,16.212443686175696,4G,74,Not Charging
75.31164699862816,23.60740007890327,26.41405433319811,8.345625367432447,5G,12,Charging
56.435865213923364,24.182231647228164,27.103171503184992,10.181154893134249,WiFi,90,Charging
74.45347740511734,9.244070773369266,32.650087133349956,11.89903948513117,5G,69,Not Charging
90.54211170661111,35.48495349193362,35.97464786905489,17.615884733008414,4G,17,Not Charging
69.11944417998428,1,42.02856525507914,20.793464184774315,4G,59,Charging
98.76467134589441,43.87123263929579,37.42110387173421,21.137209705568974,4G,92,Charging
84.89937584661507,36.07821403578312,33.09297734764293,5.591021898242958,5G,89,Not Charging
87.92448544433516,42.071598,36.899747788363996,10.134297618975015,WiFi,47,Charging
102.21656883877401,50.85524424422203,36.45283792794329,9.183067747738487,4G,8,Not Charging
66.83111418362523,37.98191883,38.69772604,13.851545638628044,WiFi,75,Charging
96.48451465467379,59.47357606482134,34.80028943208068,13.546413016067966,4G,64,Not Charging
70.33808206870064,44.32918716428315,40.180988755060554,9.084990758170019,WiFi,16,Not Charging
88.4878621,23.643097297759248,39.12225900113742,8.690317956183122,5G,63,Not Charging
63.85571623408579,31.434334367811815,35.41350001819285,7.012831306241262,4G,81,Charging
57.232404423381695,1.0806345987479489,34.40387821867048,1,4G,58,Not Charging
82.29661864121235,21.46714339291751,39.59874239495213,5.509177332336319,4G,48,Not Charging
32.86999869947207,29.28505391099914,31.432628409464808,16.333873325923065,5G,20,Not Charging
72.59331391227795,43.19410414336499,27.46693585428303,19.32352241870623,5G,10,Charging
39.84057485977049,23.744584571872835,27.438510041580024,18.73928793631245,WiFi,18,Not Charging
99.48085086,16.30603979098354,31.018127624552456,16.546169710914853,5G,62,Not Charging
106.25276490272286,6.687021455,38.29826149388625,6.940290267425374,4G,35,Not Charging
58.40121946447985,26.053737221100228,32.886005726950685,6.093887761958088,WiFi,45,Not Charging
90.70782406183741,64.26277703551895,36.02258001405613,2.9448842855900423,5G,39,Not Charging
102.4783928421873,39.06660552345549,32.523519645594654,9.084014210581397,WiFi,14,Charging
102.56173056254458,49.093691185327685,32.56321317008017,12.435531096529855,WiFi,85,Not Charging
85.36127084929103,21.49918651003626,29.87268162744423,6.961078640411579,WiFi,34,Not Charging
98.35761688903742,11.39825359846672,34.54052187292156,14.15544036818551,4G,48,Charging
63.76671720199015,16.68383803867899,34.12418132110522,15.259288847578006,4G,59,Charging
82.07806164,33.54303336263544,37.06332511590911,9.627547776258139,5G,75,Charging
68.32241483,5.088067347811151,36.43848803505859,5.299911360382239,4G,22,Charging
61.655300655365906,19.90114375385344,34.01426309520794,18.904632819006487,WiFi,87,Not Charging
80.90158478674068,26.204589710430596,27.469555774699124,12.17571112310436,WiFi,83,Charging
88.68825940395186,15.186120409050485,40.35289733789139,21.706030041329612,4G,90,Not Charging
109.08771919887468,3.14475474,34.57477830480988,12.461895746960343,WiFi,43,Charging
86.62888818247218,39.344805473146366,35.39821344946948,12.81106458623112,4G,46,Charging
96.04826337403878,35.688071673268475,43.00247532905529,7.177515900051989,WiFi,58,Not Charging
96.33207933123845,46.68544801445194,39.54111063297975,9.882283333,5G,34,Charging
147.18835914242402,18.343613761213362,37.232245994083655,4.205986152910412,5G,24,Charging
34.74918991818552,46.39884114571207,34.98847106314587,5.281878183576109,4G,46,Not Charging
62.801653329070554,57.939562917303284,34.941772255829235,15.705825236632693,4G,93,Charging
116.8514013,38.93322098355282,36.20057248860931,10.587083084415083,4G,91,Charging
71.19967312866315,25.85095558330009,37.03453362928316,9.886709856914392,4G,9,Charging
102.14507844004298,37.17620974263866,43.557008778920675,8.297870096564367,4G,54,Not Charging
85.75023809407091,25.133189160566342,47.366330413814055,10.07238147778194,WiFi,45,Not Charging
132.63006003020027,22.635746634818727,36.45130402701775,17.665317208035862,5G,98,Not Charging
52.17363932,45.24890584254989,24.233619639781836,12.721108784363343,WiFi,43,Not Charging
110.54501381297032,32.91424520319202,30.24127763,6.099925599528566,5G,61,Not Charging
123.73953263181247,53.07643480175044,44.057484409358835,17.151923469444966,WiFi,95,Charging
54.63952807080001,28.36365516134645,38.59326314127873,20.62519294899008,WiFi,61,Not Charging
99.57175608953366,29.882381289949837,37.13023243622498,14.473523340251116,WiFi,41,Charging
55.86255035427361,26.502335071527916,34.165810442976195,16.45645105894414,4G,11,Not Charging
80.75403931337813,18.197248419691924,29.054889703870078,18.10391458684466,5G,9,Charging
73.58530174544566,47.216373479248865,43.388948773727506,3.7169754075780386,4G,83,Not Charging
19.931151627507823,67.78567496921232,30.883948742629556,21.32135183942836,4G,55,Not Charging
90.60585649279747,29.266591421507723,38.64655908,17.494070353386007,WiFi,12,Charging
83.58347919015577,24.792560844874906,28.496491151229282,14.44427350456464,5G,60,Charging
116.9769743,23.820147744393644,33.923256575858616,11.372697304239146,5G,77,Charging
95.27859136623856,24.80400159,39.96478565226482,5.313787920405774,5G,15,Charging
137.27209810196905,59.746755293612026,33.75152913766603,10.342994481518682,5G,26,Not Charging
82.67605955196784,24.222792203601628,33.15775062316986,14.241985082648073,4G,81,Charging
77.36174869994231,26.220997986656904,35.053181341743404,6.478208104801926,4G,15,Charging
75.39108373,16.39468621773542,28.31998553782536,11.651263663096325,5G,64,Not Charging
69.01028222420565,39.404731607946054,27.379265464769922,6.082293146,4G,19,Charging
24.806227090435783,33.991556567735195,38.57118241346964,10.076879119679095,5G,42,Charging
74.49513432480106,17.942318362961597,32.88895037,5.236863168713072,4G,5,Charging
28.30363183910019,21.607556040228808,38.53242380290728,4.711119561013994,WiFi,50,Not Charging
91.30083361464422,57.99400055803336,40.59091508575354,13.700447057319519,WiFi,92,Charging
48.99849268823539,35.490616344031515,40.99321304497732,9.101212207997753,5G,47,Not Charging
57.64168442278951,36.52528093170947,26.894958577118306,9.571047017957602,5G,26,Charging
63.26474512918621,36.58480737539092,31.51085355873051,8.832781826145599,4G,7,Not Charging
74.87662405466887,55.91938082316764,37.68792653521903,25.615589938132157,5G,18,Not Charging
80.17170637347593,19.321784565189343,37.76500835951826,15.036835428528935,5G,6,Charging
107.11198957682677,29.054067197353184,46.24718792098145,15.573717695838535,4G,65,Charging
65.56174766231115,32.465521900062335,30.461932333834593,8.122922318467197,5G,36,Charging
92.00365340555925,9.182362620654136,40.84084200727049,14.523753442856652,5G,42,Charging
148.2716808305892,21.25787725127985,36.861373050192704,10.861394984609568,WiFi,50,Charging
89.43376756908074,50.70012240921406,26.79882066668265,8.082751295498026,WiFi,46,Charging
75.48775527670915,46.40320244495176,32.260923816367026,21.645457006092848,WiFi,10,Not Charging
60.52120870179257,49.05600312653047,36.31264006161663,14.863956811048126,5G,45,Not Charging
75.14171136449178,26.16364666202898,26.478166458518672,14.611693152360928,4G,29,Charging
57.844491409764856,28.014571398217452,24.630469975141768,7.141331896141389,WiFi,15,Not Charging
86.71653566709432,8.179017574429508,26.193787106816785,5.6489537830652665,5G,45,Charging
82.58860346598483,48.97901813474465,36.29566828,11.712242648809202,WiFi,75,Charging
25.944519477055167,51.44978403149144,32.57666371,9.132429897397857,4G,61,Not Charging
79.53604986,51.25881449803413,31.90022151343191,15.063204712938536,4G,50,Charging
106.90365781600033,59.0613688,32.07189082417136,15.396304404443573,4G,90,Not Charging
70.02220369493125,41.331628902348584,27.879387941710313,12.327516340596718,4G,52,Charging
63.67758068971095,58.35322754820038,32.717984085799465,16.138565867913766,4G,67,Not Charging
45.55748067207869,31.992880862631825,25.89800975964082,12.966521990529964,4G,43,Charging
33.55019895938989,8.494844524916747,40.93820569679453,7.641551922155955,5G,14,Not Charging
100.78373167658135,47.91087015860177,43.46164860338609,11.008626416428394,WiFi,89,Not Charging
75.46304176,7.941663109869566,23.36968143305414,12.67866521293551,4G,74,Charging
99.30053905008558,37.55303074240048,32.65435170337956,16.64462530320923,WiFi,69,Charging
118.28309361448673,49.32985703186384,32.97994284682601,13.124754222195767,WiFi,63,Not Charging
103.03119212275863,39.86388194052795,34.12757746691487,9.142746976728741,5G,82,Charging
66.44069196403011,69.17364605873414,40.00765212,16.830856529738274,4G,40,Charging
83.62169161643888,5.511065088,32.66894608903034,13.903779228739664,4G,31,Charging
64.63067837107704,33.757089911961266,34.558742686343564,19.728368627933307,5G,77,Charging
62.292788434958425,35.261831978789836,49.89527481900694,12.43638734476108,5G,59,Charging
88.57037906006559,14.838457757263797,34.44353546197347,6.813356431151402,5G,74,Charging
59.19265292204568,17.694008139135715,43.83119930149703,17.884896817742433,5G,99,Not Charging
24.77120952278247,22.32307084,37.50993828694416,9.116050183,5G,85,Not Charging
57.79630260681559,18.505290589261065,32.23145503462075,13.477120635003809,WiFi,57,Charging
72.32797128281568,33.38008024754198,31.396330064122846,12.928583446844822,5G,64,Not Charging
118.03496244579804,25.955526497717603,34.96363702500147,12.228146649939319,4G,65,Charging
67.72656375321587,39.768625761435125,29.367634376267212,11.150900139114006,4G,40,Not Charging
92.79810227573188,44.741456993045944,30.68067017,3.7392793405559157,5G,89,Charging
75.79229415094827,43.72668439578334,32.884696994871106,6.989480376847847,5G,31,Charging
110.6601285967596,28.848106322228656,36.46671770963614,17.61066161115238,5G,45,Charging
108.92740963659897,39.26713444196708,44.129986058705235,14.14400359,5G,32,Not Charging
109.4043776,50.526933742650996,32.57522786600869,21.546485253132317,5G,20,Charging
36.650411764566186,41.68346871916235,37.307590231890565,6.811475889827623,4G,39,Charging
85.16810118112485,62.88466542,26.860510767089743,11.846719473237812,WiFi,40,Not Charging
98.97346500304869,49.73268480150032,40.30144320443658,17.815967594806885,5G,60,Not Charging
89.53846406473328,60.77610608972692,26.39158712536522,9.170882448231609,5G,23,Charging
95.91490814554572,1,38.99193236050717,9.573164779,5G,61,Not Charging
81.45877510713694,36.450141817103486,34.595375233590985,10.533300676806313,4G,89,Not Charging
61.380394831836824,30.141012485716725,34.39673528630105,9.773261025017245,4G,37,Charging
37.57256537534371,33.125304045286775,33.49867641040584,14.658986992403111,WiFi,27,Charging
63.860764283788114,22.925608698437912,28.49373687803951,3.0989491509203617,WiFi,67,Charging
146.9527468409598,40.94299100576269,28.758647450655985,20.21362953698983,WiFi,74,Charging
67.8587206,7.874653514,39.18260078019491,7.201683367222781,WiFi,26,Not Charging
31.015244347731404,41.05155294306936,35.05968390090694,1.4141415600244187,4G,71,Charging
98.31623401822706,23.424331697291894,33.46221632409369,11.948803010913878,WiFi,84,Charging
101.38650021706613,27.49420864819349,37.216989753180286,10.112995179732586,5G,63,Charging
112.1831097538035,41.577526543486066,35.50655141610626,11.110101255836936,4G,29,Not Charging
91.77446259266951,36.18166592,31.035342250300598,13.562882876677822,4G,21,Charging
101.14003786167379,50.80881367,47.304981129212905,15.224206447771127,4G,43,Charging
126.00542837104977,20.45744741231016,38.703781892515536,20.433256768339486,5G,81,Charging
61.36316269844711,33.78941521674309,35.63534286679778,8.549295812255526,4G,96,Not Charging
56.40373236440706,48.33159675516727,32.43194349,15.87145529,5G,79,Charging
52.635336511176774,40.41799615627097,39.76379844597095,15.544682255343584,WiFi,78,Charging
73.35576033765042,41.383913801941944,31.06216065136952,1,4G,43,Charging
115.83556049562921,51.62064287574851,30.641126295153683,7.834027987320633,5G,28,Charging
93.20170919365587,28.90636326695708,43.46662817870191,5.565097178596194,4G,42,Not Charging
92.21729881773045,25.747536843165935,35.15337588035354,14.23946429278962,WiFi,92,Not Charging
34.51730178338191,43.638566553985044,31.18325406642444,13.689129579659943,4G,85,Charging
62.67032931908952,32.75852770983366,35.02842849019839,13.789638499924413,WiFi,61,Not Charging
34.10855917844908,51.83305351546573,39.25093276924188,10.47203866242792,4G,48,Not Charging
109.28114473303859,40.54660155672584,38.106272269775964,10.976217204599228,5G,40,Charging
119.64116232214332,25.649739795646074,39.87131131543226,11.857096241944635,WiFi,74,Charging
99.48916818100953,40.07576040216713,28.752220486302598,9.994433643685353,4G,84,Not Charging
55.33034885651138,21.45950504,39.745745808374224,15.885911360524114,WiFi,49,Charging
117.05056234039476,49.203927025355846,34.104706119744264,6.651681869937666,WiFi,96,Charging
73.66862724936975,14.042715401777723,35.44550383351938,8.090930683205883,5G,30,Charging
49.63851798118346,53.33097911294277,41.047472468223894,12.606596161282788,5G,15,Charging
55.88989363470769,39.81314766776866,38.51362836635645,10.160353909275205,5G,56,Not Charging
69.24608411020408,32.53158545565989,36.7552624,6.456092102947446,5G,29,Charging
81.23946301211767,46.45001226400815,25.080016584265227,14.659626606844267,WiFi,35,Not Charging
75.96639470870515,42.66989966243533,34.77249072309857,9.138563137028488,WiFi,89,Charging
44.68328954572432,54.95572528487091,31.076623062147497,7.776395146160462,4G,49,Charging
110.33291022964104,54.81592608,38.55522652198682,11.128101462980498,4G,71,Not Charging
76.23485201407892,40.28435666,39.95479093517831,7.533752512408012,4G,80,Not Charging
62.156153593233725,21.923439679376344,33.48984488608618,11.829093355847553,5G,44,Not Charging
107.7575590495691,26.877364993306383,31.664792621056563,10.201505820133352,WiFi,50,Not Charging
50.41484529333672,33.92529671282527,42.78150397757966,9.437099481266198,WiFi,58,Charging
39.27774541063713,51.22582541592641,31.98426216493153,9.468332187343872,4G,45,Charging
111.81218616496848,28.15420307993787,29.027312464818742,16.97807582012622,4G,93,Not Charging
127.28469623875847,29.405892193547952,30.83664423490528,13.846087056388392,WiFi,85,Charging
68.44759953371505,62.72525944,32.22500305942895,3.454017369083232,5G,42,Charging
78.85074980207138,33.43552233,30.69318473525226,16.414931027308953,4G,40,Charging
51.33338213697741,25.479021646000923,39.226956916390364,14.582785223999176,4G,87,Not Charging
80.13731375608484,46.64969042591221,24.010432772129946,14.28757450922518,WiFi,48,Not Charging
68.10736840672008,34.15798575560623,30.587197942772356,16.439554431258756,WiFi,61,Not Charging
77.44678899912502,14.15601254849652,34.762512772725685,12.075150184553983,4G,70,Not Charging
90.23145968993106,50.613711242110604,36.051231100011464,15.100418408059783,4G,85,Not Charging
52.54636304922883,23.794410189510877,43.45917418762292,9.677640301,5G,34,Not Charging
70.95471651918581,35.65378397584364,42.72618856381843,16.237901591045887,5G,14,Not Charging
34.90546445554554,33.97791329318965,26.996314220277288,13.090567775202782,5G,65,Charging
71.1253179,38.45151760204795,25.4597603,5.115191727820532,5G,67,Charging
77.66414822707502,2.133888911530036,35.12485631,17.181924839652723,4G,40,Not Charging
85.72456062652695,29.973507818011484,31.63407381768456,11.355476756148077,4G,58,Charging
85.98941350908022,51.872555901735524,29.039868290084073,10.659386454910761,4G,69,Charging
102.5980687684214,53.981682798374806,35.08060448730327,9.786662696783814,5G,86,Not Charging
41.508337018167005,20.130644275395184,36.15348659167217,10.153181905358785,4G,8,Charging
42.843074251242655,48.80897364067724,30.80515780177911,13.148176575369128,WiFi,59,Charging
93.22394841,23.578553683616242,31.87957627481253,7.062100024,5G,58,Not Charging
29.02596807,29.38201610919075,31.189792363061752,4.156936627587763,WiFi,95,Not Charging
84.58250530262482,30.170234503111228,32.94254379,6.6776723045018915,5G,93,Charging
50.49267651025265,36.632055645581126,37.707220496948686,13.908589254200177,4G,68,Not Charging
119.32036602292953,50.02049684436294,29.610470694242068,11.190309267183691,5G,96,Not Charging
86.26131019319443,38.968768040436665,31.796575032511996,17.56596562288489,WiFi,26,Charging
74.52109950717346,33.10802359514233,33.00358928457249,11.675436336274895,5G,29,Not Charging
110.69302192847945,49.50966849557324,34.96623797,16.21256554118098,WiFi,85,Charging
53.41494983572623,22.96007914649428,36.37992246456236,8.535926959749542,4G,63,Not Charging
58.16475914780479,33.84173834798076,45.21128920255396,9.824288952988903,WiFi,61,Charging
48.463629158622275,49.93671842566293,37.86062858804195,12.04762078966804,4G,58,Not Charging
58.37401934127517,42.939593176858594,37.97965673519583,11.265115089764311,WiFi,48,Charging
81.52789023,28.00544033832631,33.66693493360231,10.79817484183647,4G,56,Not Charging
92.34879679984302,12.30564850099599,30.100671021512838,7.639427237459013,WiFi,80,Charging
104.03554213418857,39.66287286192217,32.358929925751085,4.072189770670255,4G,20,Not Charging
34.38189882748152,11.31987197145516,31.448337548925544,15.155082859942471,4G,20,Charging
75.70342534,31.812479529632522,36.96115337777283,14.596301771788559,4G,85,Not Charging
52.29588672022996,52.68422598855001,26.743592881881334,8.930653884631413,WiFi,59,Charging
74.86782271279748,43.951379694527745,37.96266859793622,13.89441893901418,WiFi,65,Charging
138.3540895,4.645190329817492,34.413802052819875,11.167769952650312,4G,99,Not Charging
87.29654405000038,38.006772565104754,38.66674116344519,17.530858758961653,5G,83,Not Charging
102.48662427870615,30.212451280961083,31.380459054228634,5.438702033373157,4G,81,Charging
129.01728180402617,15.894238989118257,30.49315142578877,11.36636829218623,5G,44,Not Charging
108.18395607936895,40.025319437031534,32.96665640480778,10.96726632775528,4G,95,Charging
68.80213800782539,27.623932268139093,32.846753736230866,12.805579794280888,WiFi,25,Charging
48.10419783575155,27.716989420407536,39.03174205537465,19.68568905,5G,70,Charging
79.24639326197872,36.86067678,38.98402416528533,11.381414149307568,WiFi,12,Charging
65.80735539453286,25.611732036477733,44.52511541767709,15.715660899291004,5G,75,Charging
41.88696783452065,36.43603750799845,32.522539277410516,11.260918674621145,5G,14,Charging
86.02312493223671,,20,17.354564716872936,5G,61,Not Charging
86.64715745148332,26.92307809066187,32.95288713484591,15.764241656001357,5G,8,Charging
124.22791750658216,49.89394653943292,36.15328962604178,10.333425027459981,WiFi,47,Charging
70.95592327907966,51.42007454570415,38.57265345526084,9.973494695983284,5G,67,Charging
87.00303472423623,9.370186292860627,36.51802136,14.434803197148392,4G,47,Charging
63.36286463274462,46.206092657698285,32.518612334551506,8.722969801976962,4G,71,Charging
101.82923576733666,55.97886506939159,43.57082178707778,12.953162978156055,5G,86,Not Charging
76.88455509524675,58.360652261053644,29.831320997188868,10.221017110350612,WiFi,55,Not Charging
50.68520977868144,42.80569588827678,33.62677575719081,13.840513240784064,WiFi,60,Charging
79.66320445837106,19.13903213384154,29.600450795695963,11.194912121687903,5G,47,Charging
89.76307243912503,44.449712605213016,35.09788381045086,8.537094113047669,WiFi,28,Charging
86.38183468533907,21.96121467176125,42.945028793864346,17.52653453701806,WiFi,38,Not Charging
106.14741788739673,29.85552250765019,34.295370380505936,13.197781186216908,WiFi,63,Not Charging
43.79859069898276,40.746232355672284,34.32600074,11.732073123405698,5G,6,Charging
58.93143524962646,22.928609800718913,26.520189958113704,14.099943726104023,4G,6,Not Charging
95.99468329488843,17.803995399233234,33.56503907104501,3.6440633355168366,4G,14,Charging
61.868275550973216,41.98659977736235,40.752435250166755,22.45092412,4G,27,Charging
86.01178123325518,63.00836306468473,33.74881917171463,12.12343881942829,4G,19,Not Charging
19.506368814705937,53.648514957191956,33.41104893043845,2.1841354505933754,4G,80,Not Charging
147.89866430782206,45.60779277575142,40.52857287921647,17.985472631294783,WiFi,21,Not Charging
73.25703671106659,49.68778153,33.43217943514718,8.243057486585627,WiFi,86,Not Charging
109.84890649970694,44.56579245772875,41.460268161135616,17.218566766380654,WiFi,18,Not Charging
71.57755436041272,41.74850344114089,28.576802023061276,12.607837438563246,5G,85,Charging
90.36746321827218,48.479267593979706,38.38926987420515,4.147925875805072,WiFi,83,Not Charging
117.29799115863182,14.474553619189667,43.23164603847728,13.30630854302592,4G,80,Charging
109.14515048020964,37.99227949,40.039284487274564,12.938547240639624,WiFi,20,Not Charging
74.88862550786939,33.78577690634235,25.663632241823628,17.758857346934366,4G,36,Charging
76.61864186515768,36.18354246716846,31.808483792845582,14.610819351942087,WiFi,27,Not Charging
105.08916400458213,28.079416778798155,33.790242376711085,5.802941764724544,4G,38,Not Charging
138.33111010713253,42.80731767161348,40.04977748,17.011346363092564,WiFi,20,Charging
84.80706685997603,22.731079854685895,28.34190941894282,9.929677835998387,4G,38,Not Charging
128.92659101354104,26.992176059119487,29.90531664803676,20.601326544274677,4G,75,Charging
73.96463973949484,25.191801295218497,26.974242849100037,10.226100563248215,5G,37,Not Charging
103.79900908774505,47.95919955904804,30.87099874956093,10.94354321103372,WiFi,72,Charging
107.52889405618217,34.824147451862096,28.741966715138435,7.890398337131238,4G,47,Charging
69.75098740368067,28.087514903048554,42.98952930098204,9.507009822,WiFi,68,Not Charging
61.32304801745896,29.39855457475729,31.763113646760168,8.185296583339426,4G,75,Not Charging
108.63472971368383,35.058209250206104,38.45462646065004,17.88224412683136,5G,22,Not Charging
66.71107656892357,59.33262378304781,35.089847536094354,5.342458502227736,5G,72,Not Charging
57.64125218311493,16.45219495479992,35.01980640462294,16.02289817868821,5G,65,Not Charging
62.90101245502258,45.132649965196784,32.0427809,16.143300607588657,5G,79,Charging
66.60966653936471,42.07793507046512,38.850112435653536,18.887737614732874,4G,24,Not Charging
101.41542761564193,21.755519023298362,35.77172116321171,12.218807642199677,WiFi,15,Not Charging
92.87606683,57.00309935,35.483719564695235,6.866531209628584,5G,83,Charging
97.89145611894727,43.08920676321014,32.03289694911038,11.141209763200191,5G,50,Charging
90.53449527745207,27.38400045155365,32.85112037,14.973492649904061,5G,68,Not Charging
65.15399594383403,7.108800110806101,37.944555587877126,12.42364969250069,WiFi,85,Charging
97.42757139770681,38.43720251748669,36.150278057727505,13.833638760929064,4G,80,Not Charging
109.56134566513259,34.32881622866025,35.61736157,18.826430679456834,4G,32,Charging
94.61258040298273,19.539306031008213,31.22978754166226,14.91001677214308,4G,52,Charging
91.24139766564626,19.34578384796545,44.720538517627475,12.992207642654277,4G,39,Charging
60.82363733573308,48.027648006792575,32.60146630221088,2.778191688896568,WiFi,12,Not Charging
85.29542697436194,5.664576390185076,34.84873669,8.080747076726414,WiFi,95,Charging
59.49396676378246,39.71424132609555,34.064831855626394,9.976624409029057,WiFi,26,Not Charging
79.39930355,32.18844537033708,44.77355598630644,2.1144341027277243,5G,28,Not Charging
38.99333402,42.45732242530159,33.54592693646207,6.453657067664164,WiFi,70,Not Charging
39.18603992519767,30.58542485209698,33.08829029512173,10.65773719401618,4G,99,Charging
75.22380775132426,39.39912447890472,35.591555740583345,11.471409876494514,WiFi,90,Not Charging
66.28900820432526,23.85837733206936,31.532295552689074,14.529051328218298,5G,68,Charging
82.66967983685434,34.26192625739947,35.557998584507565,10.973537029743035,4G,69,Charging
76.63078552212203,42.33625817226114,46.858017900838846,13.240203214479024,WiFi,18,Not Charging
80.75476968025387,37.26307806913205,36.498477777755454,9.911052754604674,4G,29,Not Charging
95.21518606,40.70460263602317,36.31622960863291,12.210066147767375,4G,7,Not Charging
68.41827610847919,21.081180508225298,31.41047553545394,14.254864053758538,WiFi,9,Not Charging
74.51390470887843,26.13988157172722,43.546035771764814,19.363151253315287,WiFi,69,Not Charging
116.3755305690791,26.39990241176082,44.695163503989896,9.426785959493936,5G,58,Charging
80.07710317062568,30.85265366619871,39.26340187913505,12.720909957544645,WiFi,23,Charging
75.51973813436528,55.378743044267424,38.26916612,16.34563768609097,WiFi,58,Not Charging
82.06281748307974,29.687318666964487,33.826173242805915,4.802031960848915,WiFi,98,Not Charging
75.96589067476174,17.846608103517497,36.95668790422311,21.989130625135655,4G,80,Not Charging
62.260692676169384,43.12468531775889,30.82421197568746,17.895153762959737,5G,14,Charging
55.04925407050699,55.19965147151722,29.36943012,3.442557573,4G,20,Charging
60.91421649624988,16.08182222221536,27.563200416371284,13.85690921,WiFi,50,Not Charging
101.82297966926967,64.59216132077135,37.05336986637399,9.177732830679421,5G,33,Not Charging
64.25236863203969,41.227649034846074,28.10812763839656,10.013259840409445,WiFi,19,Charging
76.12688495409309,50.50836183602586,32.50182298443759,13.752507484110522,4G,52,Charging
97.51840712832244,57.00607452564972,34.69385312399012,17.251997679372195,4G,15,Not Charging
73.04022072972553,49.589264640616136,39.976451997610155,9.670635289133573,WiFi,38,Not Charging
95.83403287109131,33.34196604488477,32.10889917,9.737758971081965,5G,40,Charging
41.48017393922833,53.26547216287123,40.566361563696965,13.860833811830542,4G,34,Charging
76.68708301145259,38.818996548063794,39.69579456572091,14.859781609862498,WiFi,77,Charging
81.97240241496272,51.357270873614596,29.643458361645127,6.964343140979597,WiFi,86,Charging
80.57846807745419,52.99813225671025,40.61412746942638,20.618364508459774,WiFi,23,Charging
38.67703255,18.636551150408472,33.58209438929232,8.783428364200892,5G,72,Not Charging
110.07781616077011,46.91451698,32.50524438137041,16.8233712,WiFi,74,Not Charging
58.633176375714584,32.27162122229942,33.603233622933374,14.258523249453386,WiFi,37,Charging
88.37592813,37.072859551760224,34.98247136620663,15.031619610041435,4G,84,Charging
80.19910706618326,36.906391232641965,32.924776997811826,8.880242919,WiFi,79,Charging
105.09273809526694,36.304553263630375,30.801541698193763,3.3807489059498064,5G,26,Charging
134.68722073435515,57.85287968343559,31.24372203152663,11.89299251045401,WiFi,40,Not Charging
47.74088789,14.503285596589052,35.694714048520076,11.91359931969352,5G,27,Not Charging
63.77715296818753,9.164849646953211,34.19768224091478,7.209890462,WiFi,67,Not Charging
84.72731235,6.000648925016403,37.636548466997816,16.589715957810554,WiFi,30,Not Charging
52.36616706118021,51.03716395903871,35.26181448601631,11.742352809067796,WiFi,64,Charging
99.55456519889401,23.398437621985103,35.38506997991879,7.954636690287739,5G,99,Charging
101.08431555392646,36.98279704272329,37.964061174171434,14.925356721920407,4G,97,Not Charging
93.98622689987593,33.279243138131314,42.09459035956342,15.058100005563551,5G,9,Charging
85.91454377190493,21.70437289,42.29511174145944,8.418260304320498,4G,58,Not Charging
114.24271944924452,47.77215856333548,41.70203210057109,18.166959662046906,5G,42,Charging
51.10936295827845,33.088055476739235,39.35224584870654,23.21621981615177,WiFi,66,Charging
81.63170488356384,31.43397384442423,45.42705311046075,6.5498475226317705,WiFi,29,Not Charging
61.52992828174446,38.49306961610377,37.18911883121786,11.081530168117036,4G,16,Charging
102.2479083141292,45.81158127257326,36.62772907661036,13.685049004494953,4G,26,Charging
34.16647088733918,20.615356346983283,46.21960637751525,23.401301151494636,5G,13,Charging
79.29790336017551,48.09377521,21.370155749502622,8.331113585963106,5G,88,Not Charging
88.38096717674871,56.74780279660024,33.930517556778405,7.302077557026258,4G,33,Charging
56.31269662565563,13.608164468582359,41.26247865,7.267904263576242,4G,48,Charging
64.34524919446083,39.174484686917474,39.90131476360842,18.107117966959763,5G,97,Charging
80.38447453430264,30.42616681464009,47.82825787417815,8.460843608830324,4G,31,Not Charging
103.8774094860369,45.48845871,35.53742859,7.749328986411908,4G,59,Charging
54.17826928532365,16.75011181209723,32.84591198805902,13.15483664347577,4G,85,Charging
58.53875149063285,59.43407338465363,33.339576266629024,13.541106557919901,4G,9,Not Charging
108.1396942760086,10.881577903563961,36.59034081430624,17.355102360564178,WiFi,56,Charging
73.17561500200412,31.33578590335199,43.10823797975661,12.459630185036131,WiFi,17,Charging
60.56152400387556,41.51444114,43.17070504442746,13.244660529801337,4G,46,Charging
98.21711993,24.704947295977625,34.719926640831645,11.473646922103498,5G,19,Not Charging
67.79507506919383,22.348976773144436,36.265042433388956,5.478465382367933,WiFi,83,Charging
105.68553838346935,38.33353454945786,31.94199210398568,11.001976638181603,5G,22,Charging
63.406990575507194,36.1663988,32.46392226197227,12.314167864596705,5G,54,Not Charging
76.01013595,35.089072541227246,40.23128606718586,9.780882602,WiFi,6,Not Charging
103.62429163471829,47.88032767198439,43.011056943658375,4.177730066880158,5G,91,Charging
74.34347822065621,29.08290959857968,31.51358159765093,6.325047661194401,5G,17,Charging
98.90133305196616,39.79388974692507,36.214781760656756,11.803093510524258,4G,72,Charging
78.36130983047488,27.40095787586278,33.784609719603964,16.66376548,4G,51,Not Charging
129.54229516000072,22.26005771255888,39.31935829776003,20.41142048061608,4G,93,Charging
119.21946510257122,30.72862057264972,33.05741988821772,11.08084709839939,WiFi,79,Not Charging
46.79759344,27.518522192095524,25.367725302702258,8.415628646437629,4G,54,Charging
93.05609203120025,28.267942982558278,40.01845355556001,10.137452507330975,5G,16,Not Charging
59.58990034747396,52.47991126703242,33.48258185,6.767923819031442,5G,17,Not Charging
84.78767346981827,31.188448189466687,34.00278142055972,15.938727706557156,5G,13,Not Charging
81.70926573275652,25.056399915802025,37.17793958345919,22.688058146896118,5G,63,Charging
53.61532457268781,35.421181610719856,36.76416822,8.537325578224987,5G,49,Not Charging
106.46211358825812,36.56341908692611,37.280608293761944,6.039792279,WiFi,74,Not Charging
85.08257358922687,17.19678155608893,26.851334173769022,17.032416649951422,5G,47,Charging
72.88292411,30.523905921142347,37.78154506018246,13.590257740894799,WiFi,78,Not Charging
69.04725439391012,29.919735138521045,25.454718248244326,13.674645129477438,5G,27,Not Charging
83.49442424,32.41783589,38.847825718905035,19.94086964085477,WiFi,83,Charging
90.19812543785713,45.88292559556978,40.59190641,5.167568396823168,WiFi,49,Not Charging
76.87560534104335,37.05007806744324,28.157399286373916,5.027917173705472,5G,27,Charging
9.187010730594793,53.41906021077996,36.64216495290775,11.191428419096976,5G,38,Charging
80.42226790606209,34.82509466166777,40.28589564807216,12.317017554302463,5G,20,Charging
43.962948459755566,61.64130920570096,32.75498189814233,10.225258666296709,5G,67,Not Charging
74.76368585877312,28.088374794025206,38.368181828543115,24.30376464,4G,55,Charging
44.885893573258954,23.45656428252314,21.072970636371593,10.448789709070367,4G,36,Not Charging
44.587559123013314,43.209540121654605,40.49098059121705,9.246373588638928,WiFi,42,Not Charging
110.8780455487132,55.46122906197526,35.14997119346588,12.621717924405651,WiFi,60,Not Charging
71.99770047639024,14.317950431221604,33.71085311681984,16.854434560066764,4G,73,Not Charging
70.08344600445206,32.045140276785276,39.92020726,8.372861284083022,WiFi,21,Charging
92.06310122071478,25.838270823711937,43.64644837861989,11.265066749175094,5G,90,Charging
70.73523692,37.14276519,37.42857920676998,16.99642320117254,WiFi,43,Not Charging
132.59515230318524,35.150268852491074,43.04356941524448,17.274032165473116,WiFi,45,Not Charging
73.17450598184952,55.18071871441582,27.23358374,13.088140500614253,WiFi,52,Charging
89.12813529957526,33.37392810687825,38.32974418917033,24.0919561,4G,86,Charging
104.27353328442152,55.62176148455344,34.33998073572864,21.903255233478102,4G,32,Charging
120.05633064017275,30.273494959719713,31.058904476418412,4.969419094701307,WiFi,81,Not Charging
61.44984661,48.89722812657825,25.356592825685787,3.5401939015621267,5G,54,Charging
69.55091240403388,38.429945422050785,38.058935245013316,15.978572239326791,WiFi,5,Charging
111.86479688233787,60.94828098025167,39.376450267082646,18.826828223205798,4G,54,Charging
100.25155760131729,12.844777057783578,41.71011375496624,10.876205075707968,5G,23,Not Charging
106.87939839171146,17.54213423360263,40.88245218817516,9.489021041380855,WiFi,63,Charging
45.78238641100829,62.47433427,31.14145156470815,7.8985470304715335,4G,72,Charging
118.69999384810046,24.001023597704695,41.45352757656065,6.1599403807814745,5G,71,Charging
60.96481141787987,24.95294962886208,41.98173751955922,17.681713979559248,WiFi,45,Not Charging
84.80732445,21.864146217502185,33.700080373736476,10.09352519597712,4G,14,Not Charging
76.29442806020575,52.226689348005856,35.14214131855859,13.50900379,5G,32,Charging
58.03792908629825,16.19813580162313,30.32922896475229,2.8709712905350546,WiFi,38,Not Charging
44.686605914474924,35.33675618416491,42.40443145326666,17.01135517837805,5G,43,Not Charging
36.403797084177555,31.015672673291935,27.441064270155323,14.938891139448243,5G,87,Charging
82.97546015134937,50.547733752566515,37.67485336181885,5.276553998750234,5G,60,Not Charging
41.867022744163606,26.54476006502533,32.015854059421436,13.295144107418572,4G,56,Charging
51.65461012282792,41.22908868669911,29.460735902217444,12.023716797637942,WiFi,7,Not Charging
74.54910305,17.431757399340956,25.62635859719296,9.749225400786358,5G,27,Not Charging
14.02978749350251,69.10911558,33.92296936014503,1,5G,21,Charging
99.47449280110004,31.40611513019437,28.677074427010474,8.698353691243131,5G,75,Charging
19.75279582,35.13145227328051,35.28209726636902,13.512155728880607,4G,30,Charging
78.06569021668068,,43.84668661700312,9.257175247214374,5G,22,Not Charging
80.37548066485724,26.19990838542186,35.99753663219444,10.891524816205203,4G,50,Not Charging
93.45154300454523,60.01073514407925,44.98640251142324,19.48378392995237,4G,74,Not Charging
78.95797994025266,28.827932387930588,30.08863373260923,11.61245994426857,5G,35,Not Charging
130.44769909583096,45.07547275731889,28.595296000003263,1.5160025958601384,5G,97,Charging
85.40792203921252,26.409775397610517,29.86492205885861,11.07574819674735,4G,13,Charging
106.34030998109151,14.659453322828984,34.67449730622348,12.496970447807147,4G,39,Charging
61.91342978,41.218915258109234,48.61474343862152,7.873226715190469,5G,85,Charging
83.01892015473669,44.59855101475299,26.689426432242797,15.673742978705041,4G,64,Charging
118.68925237572316,15.261713865106419,38.09831559081212,4.688855137394763,4G,80,Not Charging
74.05762188275898,30.394125216369318,31.500173319797334,11.311294504712109,5G,67,Not Charging
84.80586910488077,53.01138442,33.880984744745184,4.6312054932830105,5G,56,Charging
104.52133622843688,44.001784261949155,28.709900443668314,10.521561412712321,WiFi,52,Not Charging
61.44426199520914,29.071774973239236,39.395691620197695,15.540649302476403,5G,65,Not Charging
25.960991667020167,26.037114475483165,34.780374335224394,11.191600363927522,5G,28,Not Charging
86.38934134280922,64.22366487702165,40.43726775347083,10.899732463141527,5G,78,Charging
104.71672923395006,13.29601895295713,35.87622597016281,12.138850392676577,WiFi,62,Not Charging
46.213855877700716,34.11202138387096,25.341880114115625,12.388837344862647,4G,68,Charging
96.75549743193346,13.029546894590837,40.48271397987607,15.468759603533847,5G,34,Not Charging
96.92415968348844,54.72221967266422,24.934996838451596,15.499078615525079,5G,33,Not Charging
23.162593522117398,34.89314581687495,25.650486585417937,19.108479416424245,WiFi,14,Charging
56.592784189830695,37.67261127154152,30.41398659934182,12.838084927646891,WiFi,43,Charging
70.10428048170844,76.53338464441413,30.48072229023832,3.696377524449913,WiFi,59,Charging
75.50939999411908,26.09790986,41.98010682690741,16.289742998121717,4G,32,Charging
61.421643380800404,61.22863871,34.14421806624818,18.749122296022957,WiFi,22,Not Charging
60.07492991044545,29.139021283877174,41.23692645987332,24.308475085924115,4G,45,Charging
121.7870722795523,31.497313136226524,32.160412607070235,19.25852940388412,5G,85,Charging
77.31102170352729,74.57262884930898,36.58823184505317,9.548507948697091,5G,79,Not Charging
62.62390849625651,32.58364434,37.370211557561035,12.93592013744292,5G,69,Not Charging
78.97076307718625,14.384428935571279,38.48032708538525,10.646866267298712,WiFi,85,Not Charging
93.42727082652858,39.228781821894685,32.67536912792081,9.967365374484196,5G,50,Charging
81.29065942,32.408947622494935,33.11072555607553,11.432573045816849,WiFi,64,Charging
74.85681022930066,40.50643762600791,33.509347103670784,18.42871551066532,4G,13,Not Charging
63.749583283238664,32.99603310008346,26.73793804851598,4.054143577443348,5G,49,Not Charging
63.44672886331003,68.23316924307147,34.58049068365852,6.987271838,4G,64,Not Charging
65.05479033786601,43.351037582539035,33.08157872,18.097465112833145,WiFi,32,Charging
88.47036502026842,18.87553058411273,37.90036447038777,19.26834087036976,WiFi,7,Not Charging
55.14549768995532,36.868202030357814,35.45650585529834,8.702521458411914,5G,55,Charging
89.83173058675555,23.005552637494418,41.68190901726594,20.253741721526083,5G,12,Charging
115.32486889067076,31.284292362455695,35.350442376042835,16.87941041653876,WiFi,74,Not Charging
88.14268394532999,21.34338934149766,32.18897151889868,10.66119431977204,5G,63,Charging
70.76036177707158,66.60677784809035,35.28848611082892,1,5G,65,Charging
47.54682787363424,24.629230772326675,38.62083620438582,3.6599242816614694,4G,62,Charging
119.45267019778785,45.31346527991205,26.133962961054767,8.709116561951785,WiFi,74,Charging
50.74955873502719,30.14780867185059,31.423757405912045,15.79968490979914,4G,97,Charging
101.2140508618937,17.623802411408146,31.52911632057324,15.815500122739573,5G,16,Charging
95.96294651486214,37.96473954,37.054951014387505,9.667754040465653,4G,13,Not Charging
74.08078492589851,41.010377556285604,37.63643269845975,10.84362867318712,WiFi,53,Charging
73.42552990548305,43.37939799131771,35.50613863917447,11.837593250290574,4G,87,Not Charging
34.10721814897448,1,22.606809404360384,10.906309935245902,4G,21,Charging
88.25162502031554,16.477314294963634,26.740409084041065,12.818168818343969,5G,58,Not Charging
95.49815830989512,49.36332078532827,33.80534089,11.84979421625919,WiFi,48,Not Charging
52.77299709630489,21.14589556086812,32.49265288320763,3.6288642545401526,5G,36,Not Charging
76.10446314177243,38.044160754651664,35.02685189418001,10.962192168903652,5G,39,Charging
80.94654787522376,16.129629571568216,32.653009187822626,11.887010834775488,WiFi,82,Charging
94.6143157,45.97401653,42.65821233074519,16.948996729637557,4G,53,Charging
80.09507690307969,48.96904393993361,23.53029207576739,7.843469341798577,5G,58,Charging
39.34201615,45.97864859,36.513138157649074,13.01952675672452,4G,20,Charging
66.75155576343776,50.48835218530396,39.14005203081736,14.81419998160802,WiFi,89,Charging
85.61564463472548,58.45850217349299,38.50769229,11.258264105960894,5G,16,Not Charging
101.03820855099397,17.38888802586538,38.93636494000592,3.2260105731437747,4G,92,Charging
64.55908476514384,23.16992103272956,39.65557954195467,17.050345102968063,4G,12,Charging
134.69124686375048,48.463153554556925,31.98010056696388,15.735706160133017,5G,25,Charging
32.638173279075886,51.95329657756221,29.492581215115216,13.14386690012341,WiFi,52,Not Charging
65.90749562355248,24.884855696421116,24.826591636526636,12.20165200444572,4G,12,Not Charging
77.92415991268066,23.84170902011624,33.186985831601525,3.092875502241844,WiFi,32,Not Charging
74.98127091,25.216797651042416,31.11233438022572,15.873283179450375,5G,84,Not Charging
49.196441754629184,10.92357553934081,40.80804406828569,19.431980216641882,4G,14,Charging
91.19654369379484,15.92883226738887,33.56220944924433,6.431272397890628,4G,56,Charging
89.27735128284804,16.29061032,29.84797131386221,18.725093281357903,4G,19,Not Charging
81.19903614953867,30.58852289,29.057322730194496,17.65728898172678,WiFi,8,Not Charging
88.29609658146289,39.06254773750932,44.94410026891897,6.284023383249806,4G,94,Charging
69.40558971379923,41.50209247463558,34.889568425042114,10.02928200323552,4G,83,Not Charging
39.56592625,27.371566200864784,31.092477683630282,5.022811784,5G,66,Not Charging
62.08400324869388,27.740193255786817,35.62020903886011,11.674308321355559,4G,8,Not Charging
83.92636453523603,36.85492242726892,44.484445780825354,14.241587812150785,WiFi,45,Not Charging
84.06861037115989,12.559781642758594,33.05159678850222,5.397659344898641,5G,77,Charging
81.03447631,49.39160798124634,38.43505354724098,13.929013875623493,5G,59,Not Charging
93.7177067,54.28077918521406,40.93230518665162,15.195628817392471,4G,32,Charging
65.47134886374958,25.616290434679403,25.542880540750467,15.267393281093668,5G,51,Not Charging
80.66702643,29.023457609768315,31.807937906652306,14.27251286042814,4G,13,Not Charging
94.30231946012303,53.64968337267754,40.305433140794314,5.857546618095463,5G,6,Charging
77.87775453744116,33.15422613515151,31.50348280448747,11.392629907249775,WiFi,71,Charging
48.91690178984753,43.823681689274444,37.07312699633642,13.76176055157027,4G,52,Not Charging
55.96279075861156,33.61541909298839,31.20759200437595,19.30512811169549,WiFi,73,Not Charging
100.77130810698416,58.344610827204114,32.77224048244037,12.012329147437597,4G,78,Not Charging
114.81180407356432,42.351194423772434,32.163180971964465,14.127706471378904,WiFi,32,Charging
109.38207769560123,43.21483657878788,38.18335076847916,7.339865931773994,WiFi,83,Not Charging
85.80389874355087,43.49459808,36.00790057099796,6.225529819170641,5G,18,Not Charging
49.92168494958268,26.673293955084315,35.49429723,5.584640051348059,4G,50,Charging
79.84121108067828,28.05141294616197,47.53747618929417,9.898658629445723,5G,91,Not Charging
119.05637829876054,46.53868459339962,43.69848703560034,22.31025577,WiFi,17,Not Charging
95.46220951141188,36.89619244150426,25.093781897231096,9.989618702800747,4G,20,Not Charging
74.81306193290318,17.335834882823406,32.78295163390726,13.823131769710255,WiFi,98,Charging
95.71563082103042,63.09656637,47.13231837303496,14.785489792854978,WiFi,44,Not Charging
48.265119834609884,49.671078009456494,32.12704984655979,6.542354454819203,WiFi,76,Not Charging
62.60821555379495,35.56439485767528,45.438729929375725,9.824465746939307,WiFi,85,Not Charging
52.89521522444188,30.897485273000523,32.86836593,15.122075694662621,5G,34,Not Charging
91.73929545871081,37.98013786295124,33.83001214726718,14.141637070847114,WiFi,85,Charging
97.85258749300232,42.76280148736141,39.31785679567906,2.0300268666037944,5G,69,Not Charging
76.15434932004084,4.504988964949288,34.54896412496082,14.972051769786258,WiFi,62,Not Charging
58.176758081510854,66.68524564,37.47312319787143,9.245048045781077,4G,92,Not Charging
79.50627266163431,23.151735362496204,42.874743496538194,9.375914018535674,WiFi,52,Not Charging
67.83550273315481,34.97141550516864,38.794004669878845,14.024328464818048,WiFi,53,Charging
60.09573238265638,35.52300324168719,35.707660660748495,19.61467962241897,4G,93,Not Charging
88.47484213273115,64.95275328033277,43.367634208587965,10.997826866528193,4G,6,Not Charging
61.050194437033156,33.67814238489958,39.38343737937549,17.89525107769633,WiFi,93,Charging
40.84125667589769,58.82760941530444,31.33228418451326,4.795386160590766,WiFi,18,Not Charging
46.39713824092033,41.10091204191671,44.900376167220095,12.653716729560653,5G,21,Charging
39.91848832960126,20.57172706691076,38.21182796025089,9.29472297,4G,35,Not Charging
86.18779791440511,37.020612021542064,33.931616155650694,13.410034933780304,4G,14,Charging
83.76013595440409,33.22236917427632,24.895912077070264,10.51846298607449,5G,74,Charging
82.51300236270404,18.738942726436562,28.112118099676664,5.294692905180977,WiFi,93,Not Charging
94.69329131199856,40.36584154208362,43.50067455199969,7.562953186,WiFi,41,Charging
109.79897140292792,35.331541247747836,43.69832625985225,3.783994600717069,4G,68,Charging
65.19333672937212,43.346325581878105,35.42642034,5.465493855256411,5G,34,Not Charging
90.16193693096045,37.90029169397472,26.14877912012257,14.401621874375238,WiFi,38,Not Charging
40.50961231485308,25.233456544788943,29.565123731746972,10.744814350713888,4G,22,Not Charging
114.46774365658376,46.525009884354716,26.88115823975211,13.154322050640438,WiFi,92,Not Charging
48.879219044546076,25.634025796196315,26.699443700431196,21.07788740797536,WiFi,67,Not Charging
62.247972023989064,1,45.13401184468453,10.520141033938696,WiFi,53,Not Charging
65.05726215667269,36.92979421931325,45.29958954207237,15.171419665911191,4G,60,Not Charging
41.843225081944695,26.688894091490155,29.39576423217215,12.140677561006274,5G,95,Not Charging
80.81438943521404,40.73195756594952,34.956325120512005,25.813422663657512,5G,62,Not Charging
85.34759670503705,64.98307603909572,28.576019200340987,1,WiFi,31,Charging
75.26465822546126,65.41609539722087,34.92380976749957,8.411688620139392,5G,59,Charging
41.49380919922308,32.52315617,43.19651941684548,15.270119871157405,WiFi,89,Charging
129.5846558712928,22.602272431309167,40.393595254015075,8.235473022860301,4G,23,Charging
93.73076991,43.77024922876883,39.043313827486436,14.830357786549904,4G,27,Charging
145.85555109124897,29.446616122004684,34.02910131368568,11.699604035516556,4G,51,Charging
59.872269002842685,40.87664783520414,41.30983557998182,16.324744190058183,WiFi,83,Charging
103.94705570442441,25.087088566597185,38.23334373291665,6.3393858478617044,5G,70,Not Charging
99.48184718485409,38.76038624034128,37.01957791,12.864211553081773,4G,55,Charging
72.73562242256594,22.820387715597857,34.42295330900107,14.330091150066922,WiFi,88,Charging
115.2762725264806,52.76380124047199,36.59186469757333,12.658945791056682,5G,32,Charging
69.86474980965554,26.150334638710813,36.44125788934663,12.747062424604442,5G,61,Charging
70.97771451438481,44.916538036024534,32.29284177,18.01215453,5G,62,Charging
5,16.028490752217216,31.125417331363668,3.6004712674755233,WiFi,19,Not Charging
90.22570134356593,46.717607849160366,30.01546519834805,12.624835953958424,WiFi,20,Charging
46.86225220793984,20.50423896097699,30.335684441032036,5.954259335603604,WiFi,51,Charging
66.23197010761221,38.91765210461764,34.05948562227474,15.788054684631552,4G,67,Not Charging
54.344509031374315,50.3480146,33.236575505022095,7.810332088,WiFi,16,Charging
70.84421151704346,32.00025652164831,31.896331266987218,1,4G,47,Not Charging
91.09700575543589,19.562496338811002,31.52609262632417,15.90733707123725,4G,88,Not Charging
80.27853907621893,42.45218760703882,36.459400130581585,10.658143530205157,4G,33,Not Charging
97.74103226264518,22.38527901520178,41.88803723587153,13.783148080508012,WiFi,53,Charging
111.64073838964079,28.93631601204157,34.945421594632755,19.13504451349531,4G,7,Charging
70.78010158305412,38.98193989243591,34.618345999796155,13.857005429661177,WiFi,73,Not Charging
68.03581894959716,55.410140541615576,30.32556653643315,12.847140419544743,WiFi,64,Charging
103.94319134155023,35.398300306992034,33.88465094104646,11.763648103852846,4G,70,Charging
105.92618221849824,35.34286264767685,40.951681703046845,6.263467581254941,4G,91,Not Charging
98.51477170257617,46.06269340434277,40.187305517544864,10.923760709523041,4G,94,Not Charging
56.19552983151627,35.75557845009495,39.83986872137167,21.869492892212918,WiFi,30,Charging
90.56637663754009,44.53295299749347,39.67934414609921,10.12390384933051,WiFi,75,Not Charging
82.73676510118223,51.17800319094421,37.183662777824175,11.219931702883724,4G,78,Not Charging
106.31322353374158,30.08394274598001,37.006035817414975,18.285424460526727,4G,73,Charging
65.67819776155628,1,36.223751633423866,4.293556695,5G,51,Charging
38.33474272,22.731093596218003,32.91557359973743,15.100620254784682,4G,80,Not Charging
97.25592000950681,53.13023016252954,35.41849699307755,4.055600401,5G,46,Charging
16.040790418572442,34.49352827903519,36.07799841852933,13.995943584407298,5G,35,Charging
61.71216490259175,29.913045936081513,38.16584301658026,11.887952758008993,WiFi,26,Charging
54.42011221704264,52.50177489804811,35.50128244,15.062000803990069,WiFi,21,Charging
54.25163322735633,33.480126256551564,45.525806904862094,6.937628149228045,5G,88,Charging
61.27421322612261,3.6120019137626613,28.950939014710443,9.324834577,5G,24,Charging
110.43433924379075,12.42046908487485,38.7723785,15.320264766527915,4G,12,Not Charging
100.51388547515933,41.27972031225359,34.79378146680473,9.450837417490996,5G,53,Not Charging
73.70673295018737,33.996635876079104,35.01073141063271,15.777576302642514,4G,91,Not Charging
108.34058679647623,56.81984718243833,30.93712108844596,13.045849053443758,WiFi,42,Not Charging
53.442571120840654,24.00096974293735,40.096716336243425,9.771241210349196,4G,57,Not Charging
50.042915356321046,30.35748856994308,38.26420767160579,10.423229109846623,WiFi,32,Charging
101.58991648116476,21.732453904099703,39.16818698401846,12.017524158343095,5G,81,Charging
94.49108073306617,27.19108733479321,35.84622702409482,10.89908942979299,5G,33,Not Charging
68.49341496041693,6.621441481195642,33.37552592679887,15.651248768664749,5G,76,Charging
51.61347765754674,29.214730039242024,34.66719225727772,10.143603352379579,4G,15,Not Charging
116.4932968759485,34.22196704345147,37.16732825,9.134845368938894,WiFi,51,Charging
36.99743622630454,32.95503736301474,24.972119135401297,16.551258407664307,WiFi,49,Not Charging
65.03935162,67.24329895599215,39.36466433787729,9.889354179636046,WiFi,22,Charging
85.71441318794743,62.50226865765472,47.130964073415335,9.298141898674954,WiFi,54,Not Charging
125.05412021078614,23.736507935583717,37.40167523476738,1,WiFi,93,Charging
89.57750530183051,4.340949580211063,33.59536687896113,6.802483156980353,4G,53,Not Charging
92.00761632533246,33.51199470602665,34.193823726603654,7.806862606683945,WiFi,26,Charging
65.76540749629682,40.64765207255931,38.537711754670845,9.299347037460127,5G,49,Charging
94.21200563186495,22.09273889925747,33.708556683424405,8.389303916855685,WiFi,65,Not Charging
82.63273302197717,22.835365491114157,39.343376356695885,16.915250743394758,5G,97,Not Charging
40.28838648956105,58.73832453968798,34.12929641434878,8.124261778,4G,25,Not Charging
99.82337133732767,31.13672643282044,43.570917333121685,8.496868148807119,4G,75,Not Charging
104.25983474617128,44.93375278543608,43.432980680110944,12.77827098549866,5G,65,Not Charging
100.08412622052907,21.045414532183322,33.34915166029529,6.491590600356595,WiFi,80,Not Charging
80.83319814164506,34.145893119128104,34.59488082,19.81996077423388,4G,40,Not Charging
56.09557792125882,29.95492469548231,34.88815569,16.010783955814063,4G,28,Not Charging
22.27040671787836,24.86940141795068,34.95516837,6.1595652394607585,4G,36,Charging
83.92634013503627,52.32950617282539,30.26285477469662,17.068335429334187,WiFi,95,Charging
107.04855149352123,14.166844855504788,29.56369657862824,18.108540697599768,5G,63,Charging
104.88831172707702,39.50085238266934,41.24878785773978,6.289426315406932,5G,94,Charging
100.4018210848462,29.67317516764252,40.448935071020834,6.174166921205878,WiFi,79,Not Charging
78.14472553626523,41.22236723053811,40.36260357088636,8.947934271,4G,86,Charging
107.18660435078742,29.87635051672464,34.653108165298356,4.9239744012754585,WiFi,9,Charging
103.10404559639757,48.00789592878409,44.46005884994848,8.098557327886136,WiFi,20,Not Charging
69.43416098196104,20.904461026217724,34.887655116627165,9.999377076406283,5G,15,Charging
96.91495041539618,52.363297875129675,39.314380869498706,14.520761806882405,WiFi,39,Not Charging
66.60102136,34.56795957988368,28.05688992732508,12.40612751575125,WiFi,79,Charging
93.50060579042305,15.072462064773148,33.851323342510746,11.259892467326527,4G,46,Charging
47.522083892473326,45.20323183854235,34.220894722130915,9.584133525375437,4G,91,Not Charging
49.44470478317696,32.01725384723523,34.67256230989192,5.460221250183116,5G,85,Not Charging
106.45517617359769,9.382431107906836,28.37250516002157,14.958588633909935,4G,14,Charging
103.43900305511912,39.98702125638305,38.51940463912129,14.846870784118561,WiFi,86,Charging
95.84028851439578,50.09893573,40.14305155651689,8.915757045041426,WiFi,12,Charging
82.19922052632076,54.23203610540196,31.280703054385423,6.494224294377885,WiFi,30,Not Charging
20.21813922439629,29.324721761003502,29.263292418393355,19.780522187635416,5G,7,Not Charging
78.12810154483776,37.17977082988607,31.155291875530388,13.23365225543466,4G,63,Not Charging
91.35457917974595,35.758045141893675,37.47749334570091,13.984841456625212,WiFi,92,Not Charging
66.63166881101021,57.34703947,32.016983225458226,14.200739303498793,4G,7,Not Charging
62.18764517979406,22.84267126440025,34.32967375181812,5.987581507093535,4G,42,Not Charging
116.1105097038423,28.030108216931875,29.632696276486524,19.496382920084333,4G,6,Charging
78.49277522,22.479195358252905,44.896432027507316,9.982510335278846,4G,21,Not Charging
91.36987924105951,13.262742153306696,35.36599314081391,16.110210019644715,5G,77,Not Charging
99.35328654048413,38.71680771578123,40.74857664613315,19.29216351713389,5G,40,Charging
54.96407308737305,59.019474976663815,37.465849171194186,12.40688016,5G,90,Charging
84.83018556785484,32.02273312227408,34.79059972517465,6.092607956324418,WiFi,99,Not Charging
112.9911123619325,21.771550676852986,34.531688375553614,1,WiFi,92,Not Charging
125.48057958249302,37.80289553348103,31.373781616811073,11.80792095349031,WiFi,77,Not Charging
80.99840993036726,43.836772681589835,32.747684245581375,13.250722238662771,5G,6,Not Charging
74.05141131632314,32.65455293845142,29.960988342007475,9.096124331571906,4G,89,Charging
86.72560170343833,56.053029979312655,29.415670140335273,12.678427267284585,5G,38,Charging
86.09092617568803,22.81457158568717,45.43187708775676,14.151724190855289,WiFi,31,Charging
114.66895165327884,30.695455452314558,36.39456182540972,16.969638953973174,WiFi,41,Not Charging
55.09020777082332,39.43981857264443,42.32858621,10.857173044368952,4G,75,Charging
73.00317284584946,40.89445628926741,31.02968871481989,11.773291632699683,5G,26,Not Charging
52.07146682808724,35.70842138447241,28.74198203767628,11.106998352832228,4G,72,Charging
54.697627855060574,15.823701164642777,30.111108945205743,12.167973166634248,5G,18,Not Charging
89.41435038,70.07017106309495,32.88964057455152,9.434078095,WiFi,27,Not Charging
100.24644604092566,31.46045127,35.18249966,9.410173078,4G,48,Charging
63.765207656406375,36.654012778769854,34.24531691578004,9.724885803638491,4G,93,Charging
99.30236972438223,44.25141639759471,31.13404515756686,12.781331208097484,5G,69,Not Charging
107.7894664282992,25.45241956025706,35.43857504658882,7.763429860744316,5G,83,Charging
128.36764996083474,35.85389631306164,35.87693062269973,9.745030334,5G,82,Not Charging
81.74367122102622,24.842146435200583,38.51138213775789,21.04294983560704,WiFi,65,Not Charging
64.00588681389668,41.23326112211346,42.35216151506269,16.481996702521915,5G,89,Charging
54.938201709852635,30.85966027166646,33.180531052455386,7.214594613666917,WiFi,59,Charging
52.45517005200266,39.03077790957003,41.07740296817316,16.32336465296784,5G,75,Not Charging
111.24451753509017,19.301939802715978,35.32968796713993,15.136960370418425,5G,89,Not Charging
42.12261642610874,22.566253489906916,27.36340506291109,11.480402442605806,WiFi,54,Not Charging
110.4437121,14.522889847147972,43.916354051979184,8.460135264967988,5G,16,Not Charging
58.28897426869628,24.342048810106885,46.36268220949845,7.892429437573812,WiFi,83,Not Charging
62.86984505351486,1,38.09548239025776,13.11920086391618,WiFi,19,Not Charging
76.21111362475051,30.393496914682597,35.448924822095655,7.768831689017462,5G,21,Charging
62.40863626083721,26.986395920556106,33.642974699177515,17.486106648359126,5G,38,Charging
103.29949387398938,37.26366445437604,32.68026015257796,18.904032942275045,4G,39,Charging
125.33359879956939,35.66911586651434,41.05350626573758,11.785977512159539,5G,43,Not Charging
63.56419606117156,53.856196527216056,34.91363380975913,17.693904059610645,4G,82,Not Charging
69.19405402088432,73.91465277161167,43.36969898622384,9.942255258,5G,59,Charging
75.91697981790254,52.063085197259525,35.174312076645826,8.428241083579403,WiFi,63,Charging
93.52641908731594,28.20338615937368,32.93826653288296,17.5013759,WiFi,9,Charging
76.16289302610359,27.59913875435165,31.993497677441336,19.899334778027537,4G,34,Not Charging
114.68143527631489,48.02994563533573,31.281419573527508,21.81578993496108,5G,8,Not Charging
108.66559791404819,9.749829581407514,37.57072913203023,13.66327535738554,4G,19,Not Charging
50.36344116,30.271956107547815,28.52753322570994,16.310551975948123,5G,39,Charging
93.02420413937072,31.427705974342132,30.908312583318732,13.553086142330741,5G,78,Charging
118.00848093273757,43.76197227228217,41.622413129205356,19.016893283492948,WiFi,59,Charging
67.63047635582791,44.20799519211171,30.22725344587761,14.166420667196295,4G,70,Not Charging
72.64337820516108,23.831591894104562,39.313524609950086,16.025418943310168,WiFi,64,Charging
66.79907505367612,28.78441007442224,24.684940942495924,6.322907724,WiFi,28,Charging
67.32310961191236,41.67656382,42.25043521087876,10.844186123161638,WiFi,96,Not Charging
38.2887112,23.01619016121853,28.648840804862267,16.06818074321118,4G,26,Not Charging
46.792126213373734,53.09177652161425,30.618031282626205,15.619863720346839,5G,48,Charging
81.93684296843075,44.137628501603615,38.40171288993162,16.49451604934555,5G,36,Not Charging
117.83994936631946,37.57264322292265,36.35204067104024,12.603273235954433,4G,99,Charging
64.66597968704292,40.86410897421379,39.474937180474036,8.739889984323602,5G,87,Not Charging
63.93106742628605,27.99664075,28.608686853712122,11.70526733240523,4G,55,Not Charging
122.53802676051836,25.60562866718572,33.565972953332306,12.235171820042517,4G,89,Not Charging
52.29356345460033,28.629166757919187,31.914608953947813,13.208704042662877,5G,7,Not Charging
38.46892093233945,42.49950038389774,29.449056009237882,7.160672865574565,WiFi,74,Not Charging
59.287114096562505,38.01522471,37.97948729260183,10.67066707156351,4G,36,Not Charging
63.43038803014085,28.65928310460935,39.71525723303398,11.556661952529355,4G,6,Charging
36.313672882623365,46.24372614961483,33.31566897479733,1,4G,92,Charging
76.79895734313472,32.390803664957694,42.613556496480854,16.16252390686884,4G,63,Charging
103.71115874653839,24.600338816162477,31.071498895608286,12.820079783203056,5G,95,Not Charging
47.851130657129346,38.815122639477806,42.49233662068521,13.326594352241095,5G,77,Not Charging
82.18945547383973,19.804557325657434,37.81119529879133,9.422518444858596,4G,81,Charging
89.89839189066933,9.691643751,28.882164072624946,14.931251877651263,WiFi,18,Charging
77.91539311814267,34.923431366521044,44.907621335413346,7.840370880332812,5G,55,Charging
84.64231474352648,25.138793094336748,32.77761233404486,8.625928778844315,WiFi,15,Not Charging
84.93318156488027,31.187684709952258,41.025588698072255,15.141650228708983,WiFi,82,Charging
59.68180108,20.499006227833256,35.72824560964816,13.785808680720251,4G,84,Charging
117.4645643002967,53.133982095538556,36.87220612225916,5.6119986741585315,5G,14,Charging
111.19392085190539,25.077608841077925,39.50603390246154,19.886854350440178,4G,88,Charging
109.74778493102919,28.52000932743785,39.22925592234502,8.207511732134265,4G,84,Not Charging
105.34189351359659,40.668249013748515,33.289267184382695,11.337032226893305,WiFi,62,Charging
40.62551326,14.350785525159754,37.65832797969298,20.73393693300976,WiFi,38,Charging
103.15155944529916,13.241753401269435,37.28299924349251,1.7010921539495563,WiFi,84,Not Charging
96.39003569,40.71429253540119,36.067805998446225,3.4686959001518023,4G,82,Not Charging
41.586909626405415,28.325785543067457,33.98341733085135,14.209668435442588,4G,57,Not Charging
74.62724112124805,21.477573396587665,36.05782416597124,1,4G,32,Not Charging
86.91983623,44.050597594209805,44.83770373,1.782532487574393,4G,22,Not Charging
121.60792745311588,22.821175113380107,33.524863239429216,17.875789131470707,4G,30,Charging
98.11809644735646,30.882315506766133,41.03293709902104,9.955633158,4G,11,Charging
58.385856818042456,21.55804298041231,31.901817880417678,22.98044779648408,4G,49,Charging
122.38471146129908,39.55155779374736,30.59342668838628,6.8261511097321685,4G,49,Not Charging
81.09449406784722,54.98114289075161,51.38199673,10.407591005647596,5G,75,Charging
73.60397157742271,7.08440106,37.70012098494622,14.703153630892928,5G,39,Not Charging
71.82204509,36.68986533125968,37.837567306448065,14.357642420876196,5G,56,Not Charging
39.41111904942167,47.84882662829526,37.97613885917101,10.725501922555775,5G,25,Charging
77.25576240459644,28.677833790413402,42.036498532672944,8.757699945,4G,32,Not Charging
92.43713143264145,18.03436438556172,37.03905007308877,13.156811621706453,4G,48,Charging
70.36541681186961,41.31445290691106,39.08110936278596,18.884429430879244,WiFi,84,Not Charging
90.51131193118896,50.02480255,29.707158608717386,15.814043447866474,WiFi,60,Charging
58.39022322714548,48.35783266468203,39.91961768622226,8.837657918449326,5G,14,Not Charging
76.47680214,40.48864006872241,33.816197209812294,7.041136769603301,WiFi,27,Not Charging
87.91350817,36.46870606412963,38.35871241095936,8.536055061,5G,52,Not Charging
84.74152192658552,21.514811669235485,26.424400226526522,5.6312855731709215,4G,56,Charging
39.86337275702384,47.97867425515913,38.150897961825564,12.737047411636222,4G,19,Not Charging
69.02485122821929,47.14935220028761,23.790518226125855,16.068930893671418,WiFi,59,Charging
121.93657325781516,17.929125220170995,33.62042264781911,11.643300007497984,4G,47,Not Charging
67.68884814173705,40.46719591769737,26.47224204550197,20.598833964647575,4G,54,Charging
80.39518860279598,44.79235813279678,38.16518363125263,20.877072875773447,5G,10,Not Charging
77.83110624,48.23170658,35.34634940587937,13.538676344142106,WiFi,37,Charging
119.20599397299128,33.875155713091694,31.14606298479862,15.509688702383418,4G,66,Not Charging
112.25920305486676,22.13648638780784,42.17204022517414,7.497710110152761,WiFi,59,Not Charging
100.18827499547024,27.468257302039323,30.51666752833309,10.195967530804111,4G,43,Not Charging
55.66894216568666,19.891252123160577,20,18.361351888832747,5G,16,Charging
88.97957623,34.234090023275265,37.56817516932576,9.103636913557791,4G,35,Not Charging
94.19854358,31.296719051469644,26.167006402930255,19.43689903508226,WiFi,78,Not Charging
62.53487911009864,67.17554631153061,30.674951784945787,17.562820510374163,WiFi,57,Not Charging
58.237072353807775,48.42015713657197,32.413267135303606,15.758119805231788,5G,38,Charging
122.62535368017575,49.543221003336456,27.88003075151994,6.1365255517018005,4G,45,Not Charging
72.47991719457679,42.07028736241593,32.53136207,10.440067579648392,5G,14,Charging
120.37442047277871,29.49023529997223,27.97359056372555,15.221044194220639,WiFi,56,Charging
104.92734388736335,30.86915061772889,35.81191592566523,7.071259627489849,5G,79,Not Charging
90.19691955938303,32.24196050275069,28.856273721239056,11.049613763917009,4G,61,Not Charging
91.31328590898711,37.82349909051701,35.15073199391007,15.76065474563819,4G,82,Charging
44.98951099173081,40.83754715335172,40.81003852135605,9.159138860388522,5G,7,Charging
85.16936949586041,35.01062941520783,38.911863851460815,7.767727543656759,WiFi,61,Not Charging
115.42551032454065,30.64102284,34.59144653929211,2.996127706059104,WiFi,37,Charging
97.03348757964022,26.088265542680233,30.05631340790091,10.066829011428458,5G,11,Charging
83.85841717661026,14.110268633251195,35.79588557961291,15.865907564050687,4G,8,Not Charging
122.79842989542576,54.25068747569977,31.521404377664574,7.635481623367512,4G,43,Not Charging
75.37398193,68.08294352398121,36.005617293507626,12.089360532338533,4G,52,Charging
64.51110812445789,52.99005171392376,26.42357391,10.878953641029664,4G,78,Charging
83.84579790195643,16.114015611038806,39.03630528167821,8.666882220159764,WiFi,83,Not Charging
99.1616842,46.80524854461338,35.166082815065735,16.188527996879436,4G,20,Charging
37.055147604793476,50.356644524312244,46.04258340004587,20.21136140582948,5G,42,Charging
87.12171608726044,28.94843452067963,41.53030730921363,17.021689718208517,5G,8,Not Charging
100.25862538840775,42.33390859458543,37.83093468210528,8.520317987746427,5G,8,Charging
73.25895936757848,28.155454512160706,34.38003513146216,21.961828319229724,5G,31,Charging
107.67411915756604,57.933934922206106,31.35197818149167,17.007014551150327,4G,90,Charging
96.02966656027675,40.48056383322971,39.71204647517067,9.713214655178547,WiFi,90,Charging
133.53457796277692,21.242667629434273,33.852651043401444,8.123368089440431,4G,21,Not Charging
61.23492756046962,45.04712147014007,40.84182316,17.605196319224618,WiFi,74,Charging
100.76774626240223,50.88171010235371,37.004115818676425,12.868846009786365,4G,58,Charging
54.56690230506488,37.971974767038134,37.039985636248815,7.746175756561362,WiFi,12,Not Charging
39.61583871808185,42.19162537614903,37.97263063,11.259455102640585,5G,57,Charging
29.11172892955318,33.95369856156803,30.401865307812216,9.964015910593194,5G,9,Charging
93.45810055992317,17.985793202806494,29.889318780631886,7.879704406559811,WiFi,73,Not Charging
84.60619784860256,32.72399362369239,29.716452758183877,17.072931266307336,WiFi,51,Charging
68.02372356595616,42.845594494453366,40.237484574379955,15.908620941571566,WiFi,78,Charging
35.662391651259675,33.07959698025143,30.271392062407635,16.192707387796304,5G,44,Charging
62.740334346533096,47.01148140109386,30.894201459023318,16.123351966597564,5G,11,Charging
80.10232519188641,29.117276582036236,37.68758563486571,7.419831276462013,4G,16,Charging
99.82923416982744,30.10113758823759,33.73975437682572,8.981563641015013,WiFi,98,Charging
79.58660624380936,47.466799969908564,33.10102878954022,19.29328761468831,WiFi,29,Charging
86.30150856763194,38.32778775204567,32.66722516,12.540060612194992,WiFi,32,Not Charging
70.59669047564661,28.824176282666123,23.37184161079326,4.647646531478484,5G,47,Not Charging
123.73060506317887,50.50708064012937,30.16559237017991,13.084721637978733,WiFi,81,Not Charging
54.543758891794305,24.668964230742084,40.90781568441046,15.273956308340665,WiFi,51,Charging
62.51904456787181,24.09576561473977,32.30300949233013,14.620207186851044,5G,53,Not Charging
67.69104815016217,1,25.49755147,7.3106519841918045,WiFi,90,Not Charging
93.56760995,26.69047177133829,29.960028805657547,21.433607796287767,4G,58,Not Charging
54.028505255327985,54.63075018383424,36.79926982377498,4.497027064456237,5G,22,Not Charging
83.39296476369996,3.9156097074134166,36.70017304602869,12.554482150817062,5G,31,Charging
84.12275358566393,20.72119789656174,33.52859693719325,20.682764263830414,5G,76,Charging
62.64105073,41.58602833835255,31.553979764574834,14.958285419677225,4G,10,Charging
88.24948652392142,1.3269983916090808,27.989020071219784,16.181097845256776,5G,79,Not Charging
54.804652531564216,27.33952079735353,36.84092518206004,6.734179254149323,5G,97,Charging
52.07314643845635,52.112948234161195,39.18935208833895,13.735232287984354,5G,73,Not Charging
82.49014391303602,65.64538702773484,41.44440001025922,11.816986686525265,5G,75,Charging
38.50611036304843,39.35369848500549,29.447063206549785,6.349779154178176,4G,26,Charging
26.379932436244054,,41.827614902030945,16.32535744737481,WiFi,63,Not Charging
93.32083252,20.598068920275765,34.71693956367772,7.902566306746654,WiFi,51,Not Charging
106.22424856477926,37.17361953996356,35.13285981702153,8.495376839157364,5G,72,Charging
68.32992203268677,39.214449817476485,39.467960203157304,14.16289661042424,4G,36,Charging
63.29823369755574,62.868931400873734,32.29523048260133,11.283772771774924,5G,87,Charging
105.1383806,49.562072788058046,24.180984993254857,12.846440118280064,WiFi,5,Not Charging
51.361544550027006,36.26159731832736,38.524307740978806,10.977501706150818,WiFi,58,Not Charging
45.91568438197104,29.97189120110872,36.74285372147536,19.06530421752021,4G,50,Not Charging
97.69091059271219,80.22067563953314,33.19861576561512,7.374846763806921,WiFi,45,Not Charging
80.22595466280768,44.39892199993843,38.11265671968597,9.675956098969936,5G,45,Charging
106.62191848225595,24.968724296336823,39.13471730232598,14.405857787896135,4G,12,Not Charging
26.493353030550523,31.630656146127837,27.43996843969212,7.060410831794905,WiFi,36,Not Charging
44.983150222035924,21.838178899953498,35.11256487198864,6.838883088,5G,34,Not Charging
80.3583015,1,23.612186965754578,12.688719470015688,4G,50,Charging
90.44184246209467,39.68976486810984,34.38153405244108,16.336766894594387,5G,96,Charging
101.17492719223647,61.73681324835972,33.13628877985656,16.989389078971275,WiFi,56,Not Charging
84.37044422021944,10.541641966290438,37.45954509,12.45869937993641,5G,93,Not Charging
84.11637888396423,35.82893893818527,29.634723851880366,8.639336707513367,4G,65,Charging
70.26496142424503,24.396428312936045,32.89256732074241,13.378315988171291,5G,17,Charging
119.77262262261294,42.82253788354779,20,14.830691543561851,WiFi,93,Not Charging
52.424413613237554,32.41504764913151,37.78751910516919,13.309303296451368,4G,44,Charging
88.97550381389847,14.599180183735985,34.55800041602963,18.170849293956877,4G,65,Not Charging
55.304779135299505,20.283444290753966,35.43620718910305,6.9291936737251625,WiFi,48,Charging
93.36946364512524,22.545492020236885,27.53284631982637,8.515119911782188,5G,66,Not Charging
54.07456076530584,55.16477311980812,36.99031087426503,17.47674597199362,5G,48,Not Charging
98.59539246251146,54.39888915395227,43.26374851757113,4.6349008474236815,WiFi,52,Not Charging
82.80262367061293,30.329781693309535,34.075436405619044,9.303071364592498,4G,78,Not Charging
123.61597933146703,53.4170515,38.250444540408225,8.342298526368193,WiFi,63,Charging
72.97450881821035,32.402242409057386,30.646894884370575,4.178975493265157,4G,61,Charging
90.62415290618863,30.100058623247193,34.61571904976472,11.064255976795433,4G,99,Not Charging
60.50859298848226,35.856767608267624,27.343296930209164,15.731469299442269,5G,15,Charging
72.80267483896763,39.272379179354544,38.94060902346731,12.781639577605514,WiFi,29,Not Charging
82.64373698610882,26.668328107024976,35.799202885826986,15.998018926510387,4G,65,Charging
41.81950193821565,35.327986132733336,28.903568070869685,17.959779838214864,5G,50,Not Charging
44.559401645380696,46.80983758469785,30.99068911580959,10.071841195272402,WiFi,58,Charging
94.99648249589113,36.94309459,35.305430862991564,25.23423011494365,WiFi,38,Charging
76.34782946170802,35.641743531864805,39.619325079820875,10.272922879680834,4G,88,Charging
65.17683667379946,42.41270321421192,42.39763601759259,10.937344870781544,4G,11,Charging
61.57534548958111,45.00059091287914,34.32937310477421,8.461897315656113,4G,66,Not Charging
62.53778010690766,34.06076272080616,28.176756630653095,14.72694740462337,WiFi,61,Not Charging
82.81376787520571,27.88728414382777,36.19232570161897,10.547482905115125,4G,97,Charging
91.12589660290475,37.83804955211353,43.924411995161755,11.60553889042502,WiFi,80,Charging
27.697319259369394,11.090544052650511,26.886257973387426,10.973934968870186,5G,9,Charging
115.3208514192473,31.845170067442176,30.227021753555345,10.860477263865631,WiFi,80,Charging
113.54251907354981,1,38.05482172123322,12.791430146992877,4G,97,Not Charging
21.73363091132751,9.863123248452492,35.76799567627083,9.748882234816843,WiFi,39,Charging
107.14816740806994,7.607212258749339,32.27490135867599,9.983522090414539,4G,88,Charging
106.38047128327607,50.71027613679577,36.10056936650726,17.36425745310496,5G,41,Charging
80.01113735468863,35.20972723953987,39.887726009271574,10.532387680592942,4G,64,Charging
47.570784452878094,16.06926465175498,34.508318289037504,13.917762018535623,4G,69,Charging
105.3807022916268,42.36599065168035,34.069961528539515,7.552541297557765,4G,20,Charging
73.96922334256621,49.82981719049778,37.94512084962858,9.776549864235637,4G,34,Charging
93.7219711,42.62728334,33.64742559047902,5.837197187546597,4G,77,Charging
135.48003179904447,32.16934807261121,40.71261780439065,21.272167166809137,4G,46,Not Charging
86.29591876559047,38.48729927629051,45.133698392421756,18.877298388340265,5G,65,Charging
,,,,,,
,,,,,,
,,,,,,
,,,,,,
,,,,,,
,,,,,,
,,,,,,
,,,,,,
,,,,,,
,,,,,,
,,,,,,
,,,,,,
,,,,,,
,,,,,,
,,,,,,
,,,,,,
,,,,,,
,,,,,,
,,,,,,
,,,,,,
,,,,,,
,,,,,,
,,,,,,
,,,,,,
,,,,,,
,,,,,,
,,,,,,
,,,,,,
,,,,,,
,,,,,,
,,,,,,
,,,,,,
,,,,,,
,,,,,,
,,,,,,
,,,,,,
,,,,,,
,,,,,,
,,,,,,
,,,,,,
,,,,,,
,,,,,,
,,,,,,
,,,,,,
,,,,,,
,,,,,,
,,,,,,
,,,,,,
,,,,,,
,,,,,,
,,,,,,
,,,,,,
,,,,,,
,,,,,,
,,,,,,
,,,,,,
,,,,,,
,,,,,,
,,,,,,
,,,,,,
,,,,,,
,,,,,,
,,,,,,
,,,,,,
,,,,,,
,,,,,,
,,,,,,
,,,,,,
,,,,,,
,,,,,,
,,,,,,
,,,,,,
,,,,,,
,,,,,,
,,,,,,
,,,,,,
,,,,,,
,,,,,,
,,,,,,
,,,,,,
,,,,,,
,,,,,,
,,,,,,
,,,,,,
,,,,,,
,,,,,,
,,,,,,
,,,,,,
,,,,,,
,,,,,,
,,,,,,
,,,,,,
,,,,,,
,,,,,,
,,,,,,
,,,,,,
,,,,,,
,,,,,,
,,,,,,
,,,,,,
,,,,,,
,,,,,,
,,,,,,
,,,,,,
,,,,,,
,,,,,,
,,,,,,
,,,,,,
,,,,,,
,,,,,,
,,,,,,
,,,,,,
,,,,,,
,,,,,,
,,,,,,
,,,,,,
,,,,,,
,,,,,,
,,,,,,
,,,,,,
,,,,,,
,,,,,,
,,,,,,
,,,,,,
,,,,,,
,,,,,,
,,,,,,
,,,,,,
,,,,,,
,,,,,,
,,,,,,
,,,,,,
,,,,,,
,,,,,,
,,,,,,
,,,,,,
,,,,,,
,,,,,,
,,,,,,
,,,,,,
,,,,,,
,,,,,,
,,,,,,
,,,,,,
,,,,,,
,,,,,,
,,,,,,
,,,,,,
,,,,,,
,,,,,,
,,,,,,
,,,,,,
,,,,,,
,,,,,,
,,,,,,
,,,,,,
,,,,,,
,,,,,,
,,,,,,
,,,,,,
,,,,,,
,,,,,,
,,,,,,
,,,,,,
,,,,,,
,,,,,,
,,,,,,
,,,,,,
,,,,,,
,,,,,,
,,,,,,
,,,,,,
,,,,,,
,,,,,,
,,,,,,
,,,,,,
,,,,,,
,,,,,,
,,,,,,
,,,,,,
,,,,,,
,,,,,,
,,,,,,
,,,,,,
,,,,,,
,,,,,,
,,,,,,
,,,,,,
,,,,,,
,,,,,,
,,,,,,
,,,,,,
,,,,,,
,,,,,,
,,,,,,
,,,,,,
,,,,,,
,,,,,,
,,,,,,
,,,,,,
,,,,,,
,,,,,,
,,,,,,
,,,,,,
,,,,,,
,,,,,,
,,,,,,
,,,,,,
,,,,,,
,,,,,,
,,,,,,
,,,,,,
,,,,,,
,,,,,,
,,,,,,
,,,,,,
,,,,,,
,,,,,,
,,,,,,
,,,,,,
,,,,,,
,,,,,,
,,,,,,
,,,,,,
,,,,,,
,,,,,,
,,,,,,
,,,,,,
,,,,,,
,,,,,,
,,,,,,
,,,,,,
,,,,,,
,,,,,,
,,,,,,
,,,,,,
,,,,,,
,,,,,,
,,,,,,
,,,,,,
,,,,,,
,,,,,,
,,,,,,
,,,,,,
,,,,,,
,,,,,,
,,,,,,
,,,,,,
,,,,,,
,,,,,,
,,,,,,
,,,,,,
,,,,,,
,,,,,,
,,,,,,
,,,,,,
,,,,,,
,,,,,,
,,,,,,
,,,,,,
,,,,,,
,,,,,,
,,,,,,
,,,,,,
,,,,,,
,,,,,,
,,,,,,
,,,,,,
,,,,,,
,,,,,,
,,,,,,
,,,,,,
,,,,,,
,,,,,,
,,,,,,
,,,,,,
,,,,,,
,,,,,,
,,,,,,
,,,,,,
,,,,,,
,,,,,,
,,,,,,
,,,,,,
,,,,,,
,,,,,,
,,,,,,
,,,,,,
,,,,,,
,,,,,,
,,,,,,
,,,,,,
,,,,,,
,,,,,,
,,,,,,
,,,,,,
,,,,,,
,,,,,,
,,,,,,
,,,,,,
,,,,,,
,,,,,,
,,,,,,
,,,,,,
,,,,,,
,,,,,,
,,,,,,
,,,,,,
,,,,,,
,,,,,,
,,,,,,
,,,,,,
,,,,,,
,,,,,,
,,,,,,
,,,,,,
,,,,,,
,,,,,,
,,,,,,
,,,,,,
,,,,,,
,,,,,,
,,,,,,
,,,,,,
,,,,,,
,,,,,,
,,,,,,
,,,,,,
,,,,,,
,,,,,,
,,,,,,
,,,,,,
,,,,,,
,,,,,,
,,,,,,
,,,,,,
,,,,,,
,,,,,,
,,,,,,
,,,,,,
,,,,,,
,,,,,,
,,,,,,
,,,,,,
,,,,,,
,,,,,,
,,,,,,
,,,,,,
,,,,,,
,,,,,,
,,,,,,
,,,,,,
,,,,,,
,,,,,,
,,,,,,
,,,,,,
,,,,,,
,,,,,,
,,,,,,
,,,,,,
,,,,,,
,,,,,,
,,,,,,
,,,,,,
,,,,,,
,,,,,,
,,,,,,
,,,,,,
,,,,,,
,,,,,,
,,,,,,
,,,,,,
,,,,,,
,,,,,,
,,,,,,
,,,,,,
,,,,,,
,,,,,,
,,,,,,
,,,,,,
,,,,,,
,,,,,,
,,,,,,
,,,,,,
,,,,,,
,,,,,,
,,,,,,
,,,,,,
,,,,,,
,,,,,,
,,,,,,
,,,,,,
,,,,,,
,,,,,,
,,,,,,
,,,,,,
,,,,,,
,,,,,,
,,,,,,
,,,,,,
,,,,,,
,,,,,,
,,,,,,
,,,,,,
,,,,,,
,,,,,,
,,,,,,
,,,,,,
,,,,,,
,,,,,,
,,,,,,
,,,,,,
,,,,,,
,,,,,,
,,,,,,
,,,,,,
,,,,,,
,,,,,,
,,,,,,
,,,,,,
,,,,,,
,,,,,,
,,,,,,
,,,,,,
,,,,,,
,,,,,,
,,,,,,
,,,,,,
,,,,,,
,,,,,,
,,,,,,
,,,,,,
,,,,,,
,,,,,,
,,,,,,
,,,,,,
,,,,,,
,,,,,,
,,,,,,
,,,,,,
,,,,,,
,,,,,,
,,,,,,
,,,,,,
,,,,,,
,,,,,,
,,,,,,
,,,,,,
,,,,,,
,,,,,,
,,,,,,
,,,,,,
,,,,,,
,,,,,,
,,,,,,
,,,,,,
,,,,,,
,,,,,,
,,,,,,
,,,,,,
,,,,,,
,,,,,,
,,,,,,
,,,,,,
,,,,,,
,,,,,,
,,,,,,
,,,,,,
,,,,,,
,,,,,,
,,,,,,
,,,,,,
,,,,,,
,,,,,,
,,,,,,
,,,,,,
,,,,,,
,,,,,,
,,,,,,
,,,,,,
,,,,,,
,,,,,,
,,,,,,
,,,,,,
,,,,,,
,,,,,,
,,,,,,
,,,,,,
,,,,,,
,,,,,,
,,,,,,
,,,,,,
,,,,,,
,,,,,,
,,,,,,
,,,,,,
,,,,,,
,,,,,,
,,,,,,
,,,,,,
,,,,,,
,,,,,,
,,,,,,
,,,,,,
,,,,,,
,,,,,,
,,,,,,
,,,,,,
,,,,,,
,,,,,,
,,,,,,
,,,,,,
,,,,,,
,,,,,,
,,,,,,
,,,,,,
,,,,,,
,,,,,,
,,,,,,
,,,,,,
,,,,,,
,,,,,,
,,,,,,
,,,,,,
,,,,,,
,,,,,,
,,,,,,
,,,,,,
,,,,,,
,,,,,,
,,,,,,
,,,,,,
,,,,,,
,,,,,,
,,,,,,
,,,,,,
,,,,,,
,,,,,,
,,,,,,
,,,,,,
,,,,,,
,,,,,,
,,,,,,
,,,,,,
,,,,,,
,,,,,,
,,,,,,
,,,,,,
,,,,,,
,,,,,,
,,,,,,
,,,,,,
,,,,,,
,,,,,,
,,,,,,
,,,,,,
,,,,,,
,,,,,,
,,,,,,
,,,,,,
,,,,,,
,,,,,,
,,,,,,
,,,,,,
,,,,,,
,,,,,,
,,,,,,
,,,,,,
,,,,,,
,,,,,,
,,,,,,
,,,,,,
,,,,,,
,,,,,,
,,,,,,
,,,,,,
,,,,,,
,,,,,,
,,,,,,
,,,,,,
,,,,,,
,,,,,,
,,,,,,
,,,,,,
,,,,,,
,,,,,,
,,,,,,
,,,,,,
,,,,,,
,,,,,,
,,,,,,
,,,,,,
,,,,,,
,,,,,,
,,,,,,
,,,,,,
,,,,,,
,,,,,,
,,,,,,
,,,,,,
,,,,,,
,,,,,,
,,,,,,
,,,,,,
,,,,,,
,,,,,,
,,,,,,
,,,,,,
,,,,,,
,,,,,,
,,,,,,
,,,,,,
,,,,,,
,,,,,,
,,,,,,
,,,,,,
,,,,,,
,,,,,,
,,,,,,
,,,,,,
,,,,,,
,,,,,,
,,,,,,
,,,,,,
,,,,,,
,,,,,,
,,,,,,
,,,,,,
,,,,,,
,,,,,,
,,,,,,
,,,,,,
,,,,,,
,,,,,,
,,,,,,
,,,,,,
,,,,,,
,,,,,,
,,,,,,
,,,,,,
,,,,,,
,,,,,,
,,,,,,
,,,,,,
,,,,,,
,,,,,,
,,,,,,
,,,,,,
,,,,,,
,,,,,,
,,,,,,
,,,,,,
,,,,,,
,,,,,,
,,,,,,
,,,,,,
,,,,,,
,,,,,,
,,,,,,
,,,,,,
,,,,,,
,,,,,,
,,,,,,
,,,,,,
,,,,,,
,,,,,,
,,,,,,
,,,,,,
,,,,,,
,,,,,,
,,,,,,
,,,,,,
,,,,,,
,,,,,,
,,,,,,
,,,,,,
,,,,,,
,,,,,,
,,,,,,
,,,,,,
,,,,,,
,,,,,,
,,,,,,
,,,,,,
,,,,,,
,,,,,,
,,,,,,
,,,,,,
,,,,,,
,,,,,,
,,,,,,
,,,,,,
,,,,,,
,,,,,,
,,,,,,
,,,,,,
,,,,,,
,,,,,,
,,,,,,
,,,,,,
,,,,,,
,,,,,,
,,,,,,
,,,,,,
,,,,,,
,,,,,,
,,,,,,
,,,,,,
,,,,,,
,,,,,,
,,,,,,
,,,,,,
,,,,,,
,,,,,,
,,,,,,
,,,,,,
,,,,,,
,,,,,,
,,,,,,
,,,,,,
,,,,,,
,,,,,,
,,,,,,
,,,,,,
,,,,,,
,,,,,,
,,,,,,
,,,,,,
,,,,,,
,,,,,,
,,,,,,
,,,,,,
,,,,,,
,,,,,,
,,,,,,
,,,,,,
,,,,,,
,,,,,,
,,,,,,
,,,,,,
,,,,,,
,,,,,,
,,,,,,
,,,,,,
,,,,,,
,,,,,,
,,,,,,
,,,,,,
,,,,,,
,,,,,,
,,,,,,
,,,,,,
,,,,,,
,,,,,,
,,,,,,
,,,,,,
,,,,,,
,,,,,,
,,,,,,
,,,,,,
,,,,,,
,,,,,,
,,,,,,
,,,,,,
,,,,,,
,,,,,,
,,,,,,
,,,,,,
,,,,,,
,,,,,,
,,,,,,
,,,,,,
,,,,,,
,,,,,,
,,,,,,
,,,,,,
,,,,,,
,,,,,,
,,,,,,
,,,,,,
,,,,,,
,,,,,,
,,,,,,
,,,,,,
,,,,,,
,,,,,,
,,,,,,
,,,,,,
,,,,,,
,,,,,,
,,,,,,
,,,,,,
,,,,,,
,,,,,,
,,,,,,
,,,,,,
,,,,,,
,,,,,,
,,,,,,
,,,,,,
,,,,,,
,,,,,,
,,,,,,
,,,,,,
,,,,,,
,,,,,,
,,,,,,
,,,,,,
,,,,,,
,,,,,,
,,,,,,
,,,,,,
,,,,,,
,,,,,,
,,,,,,
,,,,,,
,,,,,,
,,,,,,
,,,,,,
,,,,,,
,,,,,,
,,,,,,
,,,,,,
,,,,,,
,,,,,,
,,,,,,
,,,,,,
,,,,,,
,,,,,,
,,,,,,
,,,,,,
,,,,,,
,,,,,,
,,,,,,
,,,,,,
,,,,,,
,,,,,,
,,,,,,
,,,,,,
,,,,,,
,,,,,,
,,,,,,
,,,,,,
,,,,,,
,,,,,,
,,,,,,
,,,,,,
,,,,,,
,,,,,,
,,,,,,
,,,,,,
,,,,,,
,,,,,,
,,,,,,
,,,,,,
,,,,,,
,,,,,,
,,,,,,
,,,,,,
,,,,,,
,,,,,,
,,,,,,
,,,,,,
,,,,,,
,,,,,,
,,,,,,
,,,,,,
,,,,,,
,,,,,,
,,,,,,
,,,,,,
,,,,,,
,,,,,,
,,,,,,
,,,,,,
,,,,,,
,,,,,,
,,,,,,
,,,,,,
,,,,,,
,,,,,,
,,,,,,
,,,,,,
,,,,,,
,,,,,,
,,,,,,
,,,,,,
,,,,,,
,,,,,,
,,,,,,
,,,,,,
,,,,,,
,,,,,,
,,,,,,
,,,,,,
,,,,,,
,,,,,,
,,,,,,
,,,,,,
,,,,,,
,,,,,,
,,,,,,
,,,,,,
,,,,,,
,,,,,,
,,,,,,
,,,,,,
,,,,,,
,,,,,,
,,,,,,
,,,,,,
,,,,,,
,,,,,,
,,,,,,
,,,,,,
,,,,,,
,,,,,,
,,,,,,
,,,,,,
,,,,,,
,,,,,,
,,,,,,
,,,,,,
,,,,,,
,,,,,,
,,,,,,
,,,,,,
,,,,,,
,,,,,,
,,,,,,
,,,,,,
,,,,,,
,,,,,,
,,,,,,
,,,,,,
,,,,,,
,,,,,,
,,,,,,
,,,,,,
,,,,,,
,,,,,,
,,,,,,
,,,,,,
,,,,,,
,,,,,,
,,,,,,
,,,,,,
,,,,,,
,,,,,,
,,,,,,
,,,,,,
,,,,,,
,,,,,,
,,,,,,
,,,,,,
,,,,,,
,,,,,,
,,,,,,
,,,,,,
,,,,,,
,,,,,,
,,,,,,
,,,,,,
,,,,,,
,,,,,,
,,,,,,
,,,,,,
,,,,,,
,,,,,,
,,,,,,
,,,,,,
,,,,,,
,,,,,,
,,,,,,
,,,,,,
,,,,,,
,,,,,,
,,,,,,
,,,,,,
,,,,,,
,,,,,,
,,,,,,
,,,,,,
,,,,,,
,,,,,,
,,,,,,
,,,,,,
,,,,,,
,,,,,,
,,,,,,
,,,,,,
,,,,,,
,,,,,,
,,,,,,
,,,,,,
,,,,,,
,,,,,,
,,,,,,
,,,,,,
,,,,,,
,,,,,,
,,,,,,
,,,,,,
,,,,,,
,,,,,,
,,,,,,
,,,,,,
,,,,,,
,,,,,,
,,,,,,
,,,,,,
,,,,,,
,,,,,,
,,,,,,
,,,,,,
,,,,,,
,,,,,,
,,,,,,
,,,,,,
,,,,,,
,,,,,,
,,,,,,
,,,,,,
,,,,,,
,,,,,,
,,,,,,
,,,,,,
,,,,,,
,,,,,,
,,,,,,
,,,,,,
,,,,,,
,,,,,,
,,,,,,
,,,,,,
,,,,,,
,,,,,,
,,,,,,
,,,,,,
,,,,,,
,,,,,,
,,,,,,
,,,,,,
,,,,,,
,,,,,,
,,,,,,
,,,,,,
,,,,,,
,,,,,,
,,,,,,
,,,,,,
,,,,,,
,,,,,,
,,,,,,
,,,,,,
,,,,,,
,,,,,,
,,,,,,
,,,,,,
,,,,,,
,,,,,,
,,,,,,
,,,,,,
,,,,,,
,,,,,,
,,,,,,
,,,,,,
,,,,,,
,,,,,,
,,,,,,
,,,,,,
,,,,,,
,,,,,,
,,,,,,
,,,,,,
,,,,,,
,,,,,,
,,,,,,
,,,,,,
,,,,,,
,,,,,,
,,,,,,
,,,,,,
,,,,,,
,,,,,,
,,,,,,
,,,,,,
,,,,,,
,,,,,,
,,,,,,
,,,,,,
,,,,,,
,,,,,,
,,,,,,
,,,,,,
,,,,,,
,,,,,,
,,,,,,
,,,,,,
,,,,,,
,,,,,,
,,,,,,
,,,,,,
,,,,,,
,,,,,,
,,,,,,
,,,,,,
,,,,,,
,,,,,,
,,,,,,
,,,,,,
,,,,,,
,,,,,,
,,,,,,
,,,,,,
,,,,,,
,,,,,,
,,,,,,
,,,,,,
,,,,,,
,,,,,,
,,,,,,
,,,,,,
,,,,,,
,,,,,,
,,,,,,
,,,,,,
,,,,,,
,,,,,,
,,,,,,
,,,,,,
,,,,,,
,,,,,,
,,,,,,
,,,,,,
,,,,,,
,,,,,,
,,,,,,
,,,,,,
,,,,,,
,,,,,,
,,,,,,
,,,,,,
,,,,,,
,,,,,,
,,,,,,
,,,,,,
,,,,,,
,,,,,,
,,,,,,
,,,,,,
,,,,,,
,,,,,,
,,,,,,
,,,,,,
,,,,,,
,,,,,,
,,,,,,
,,,,,,
,,,,,,
,,,,,,
,,,,,,
,,,,,,
,,,,,,
,,,,,,
,,,,,,
,,,,,,
,,,,,,
,,,,,,
,,,,,,
,,,,,,
,,,,,,
,,,,,,
,,,,,,
,,,,,,
,,,,,,
,,,,,,
,,,,,,
,,,,,,
,,,,,,
,,,,,,
,,,,,,
,,,,,,
,,,,,,
,,,,,,
,,,,,,
,,,,,,
,,,,,,
,,,,,,
,,,,,,
,,,,,,
,,,,,,
,,,,,,
,,,,,,
,,,,,,
,,,,,,
,,,,,,
,,,,,,
,,,,,,
,,,,,,
,,,,,,
,,,,,,
,,,,,,
,,,,,,
,,,,,,
,,,,,,
,,,,,,
,,,,,,
,,,,,,
,,,,,,
,,,,,,
,,,,,,
,,,,,,
,,,,,,
,,,,,,
,,,,,,
,,,,,,
,,,,,,
,,,,,,
,,,,,,
,,,,,,
,,,,,,
,,,,,,
,,,,,,
,,,,,,
,,,,,,
,,,,,,
,,,,,,
,,,,,,
,,,,,,
,,,,,,
,,,,,,
,,,,,,
,,,,,,
,,,,,,
,,,,,,
,,,,,,
,,,,,,
,,,,,,
,,,,,,
,,,,,,
,,,,,,
,,,,,,
,,,,,,
,,,,,,
,,,,,,
,,,,,,
,,,,,,
,,,,,,
,,,,,,
,,,,,,
,,,,,,
,,,,,,
,,,,,,
,,,,,,
,,,,,,
,,,,,,
,,,,,,
,,,,,,
,,,,,,
,,,,,,
,,,,,,
,,,,,,
,,,,,,
,,,,,,
,,,,,,
,,,,,,
,,,,,,
,,,,,,
,,,,,,
,,,,,,
,,,,,,
,,,,,,
,,,,,,
,,,,,,
,,,,,,
,,,,,,
,,,,,,
,,,,,,
,,,,,,
,,,,,,
,,,,,,
,,,,,,
,,,,,,
,,,,,,
,,,,,,
,,,,,,
,,,,,,
,,,,,,
,,,,,,
,,,,,,
,,,,,,
,,,,,,
,,,,,,
,,,,,,
,,,,,,
,,,,,,
,,,,,,
,,,,,,
,,,,,,
,,,,,,
,,,,,,
,,,,,,
,,,,,,
,,,,,,
,,,,,,
,,,,,,
,,,,,,
,,,,,,
,,,,,,
,,,,,,
,,,,,,
,,,,,,
,,,,,,
,,,,,,
,,,,,,
,,,,,,
,,,,,,
,,,,,,
,,,,,,
,,,,,,
,,,,,,
,,,,,,
,,,,,,
,,,,,,
,,,,,,
,,,,,,
,,,,,,
,,,,,,
,,,,,,
,,,,,,
,,,,,,
,,,,,,
,,,,,,
,,,,,,
,,,,,,
,,,,,,
,,,,,,
,,,,,,
,,,,,,
,,,,,,
,,,,,,
,,,,,,
,,,,,,
,,,,,,
,,,,,,
,,,,,,
,,,,,,
,,,,,,
,,,,,,
,,,,,,
,,,,,,
,,,,,,
,,,,,,
,,,,,,
,,,,,,
,,,,,,
,,,,,,
,,,,,,
,,,,,,
,,,,,,
,,,,,,
,,,,,,
,,,,,,
,,,,,,
,,,,,,
,,,,,,
,,,,,,
,,,,,,
,,,,,,
,,,,,,
,,,,,,
,,,,,,
,,,,,,
,,,,,,
,,,,,,
,,,,,,
,,,,,,
,,,,,,
,,,,,,
,,,,,,
,,,,,,
,,,,,,
,,,,,,
,,,,,,
,,,,,,
,,,,,,
,,,,,,
,,,,,,
,,,,,,
,,,,,,
,,,,,,
,,,,,,
,,,,,,
,,,,,,
,,,,,,
,,,,,,
,,,,,,
,,,,,,
,,,,,,
,,,,,,
,,,,,,
,,,,,,
,,,,,,
,,,,,,
,,,,,,
,,,,,,
,,,,,,
,,,,,,
,,,,,,
,,,,,,
,,,,,,
,,,,,,
,,,,,,
,,,,,,
,,,,,,
,,,,,,
,,,,,,
,,,,,,
,,,,,,
,,,,,,
,,,,,,
,,,,,,
,,,,,,
,,,,,,
,,,,,,
,,,,,,
,,,,,,
,,,,,,
,,,,,,
,,,,,,
,,,,,,
,,,,,,
,,,,,,
,,,,,,
,,,,,,
,,,,,,
,,,,,,
,,,,,,
,,,,,,
,,,,,,
,,,,,,
,,,,,,
,,,,,,
,,,,,,
,,,,,,
,,,,,,
,,,,,,
,,,,,,
,,,,,,
,,,,,,
,,,,,,
,,,,,,
,,,,,,
,,,,,,
,,,,,,
,,,,,,
,,,,,,
,,,,,,
,,,,,,
,,,,,,
,,,,,,
,,,,,,
,,,,,,
,,,,,,
,,,,,,
,,,,,,
,,,,,,
,,,,,,
,,,,,,
,,,,,,
,,,,,,
,,,,,,
,,,,,,
,,,,,,
,,,,,,
,,,,,,
,,,,,,
,,,,,,
,,,,,,
,,,,,,
,,,,,,
,,,,,,
,,,,,,
,,,,,,
,,,,,,
,,,,,,
,,,,,,
,,,,,,
,,,,,,
,,,,,,
,,,,,,
,,,,,,
,,,,,,
,,,,,,
,,,,,,
,,,,,,
,,,,,,
,,,,,,
,,,,,,
,,,,,,
,,,,,,
,,,,,,
,,,,,,
